zone,mean,species,timestep
1,8.48096328577898e-4,BLBR,0
2,6.828535602959241e-4,BLBR,0
3,7.042212870408258e-4,BLBR,0
4,2.972015463109516e-4,BLBR,0
5,6.072145218004412e-4,BLBR,0
6,6.387569121649641e-4,BLBR,0
7,8.238888766165606e-4,BLBR,0
8,6.517578991461369e-4,BLBR,0
9,7.637457438242051e-4,BLBR,0
10,8.066384318210813e-4,BLBR,0
11,5.832532629899845e-4,BLBR,0
12,7.319480053231078e-4,BLBR,0
13,4.076093597279585e-4,BLBR,0
14,6.131621330099956e-4,BLBR,0
15,6.531939460180477e-4,BLBR,0
16,8.11163683186112e-4,BLBR,0
17,6.33472983044638e-4,BLBR,0
18,7.666908301327662e-4,BLBR,0
19,7.221460146634457e-4,BLBR,0
20,6.244739384370365e-4,BLBR,0
21,6.989259366119575e-4,BLBR,0
22,5.966669530282542e-4,BLBR,0
23,6.621614361249537e-4,BLBR,0
24,6.335290737936583e-4,BLBR,0
25,6.357693732022655e-4,BLBR,0
26,6.540520797527219e-4,BLBR,0
27,6.404955756599957e-4,BLBR,0
28,5.62586550527162e-4,BLBR,0
29,7.040009629088057e-4,BLBR,0
30,7.772995182533017e-4,BLBR,0
31,7.02387464322875e-4,BLBR,0
32,5.396262220334731e-4,BLBR,0
33,6.036455659149077e-4,BLBR,0
34,6.05204496465664e-4,BLBR,0
35,5.57168694752013e-4,BLBR,0
36,9.04378632799177e-4,BLBR,0
37,8.268280855987128e-4,BLBR,0
38,4.477966874678795e-4,BLBR,0
39,6.120793379893559e-4,BLBR,0
40,6.168670079908238e-4,BLBR,0
41,4.8057010237133313e-4,BLBR,0
42,4.162604477806128e-4,BLBR,0
43,5.629875196353606e-4,BLBR,0
44,6.569555260351681e-4,BLBR,0
45,6.983862594708113e-4,BLBR,0
46,4.5060299062229625e-4,BLBR,0
47,9.468428158302947e-4,BLBR,0
48,3.614753011692313e-4,BLBR,0
49,5.843207924402138e-4,BLBR,0
50,5.536480626745511e-4,BLBR,0
51,5.237831753853027e-4,BLBR,0
52,6.165296110905654e-4,BLBR,0
53,6.060502891086015e-4,BLBR,0
54,9.038503508161602e-4,BLBR,0
55,5.476946076548934e-4,BLBR,0
56,7.007195609584929e-4,BLBR,0
57,4.606710865348745e-4,BLBR,0
58,3.793978907316757e-4,BLBR,0
59,8.644277096613054e-4,BLBR,0
60,6.757432573517391e-4,BLBR,0
61,5.530575833028009e-4,BLBR,0
62,7.529320297156838e-4,BLBR,0
63,2.1690672178566696e-4,BLBR,0
64,5.66604255614672e-4,BLBR,0
65,0.0010208534432167757,BLBR,0
66,6.590739340953565e-4,BLBR,0
67,4.8388755733180084e-4,BLBR,0
68,3.891208670145618e-4,BLBR,0
69,6.364133685609374e-4,BLBR,0
70,5.184933111901232e-4,BLBR,0
71,7.172825530415817e-4,BLBR,0
72,6.678165449688601e-4,BLBR,0
73,4.3985102759478675e-4,BLBR,0
74,6.060317008450122e-4,BLBR,0
75,8.726401513173597e-4,BLBR,0
76,5.223421084492529e-4,BLBR,0
77,8.555011916009207e-4,BLBR,0
78,6.392160248919266e-4,BLBR,0
79,5.233755735233837e-4,BLBR,0
80,5.434056844723292e-4,BLBR,0
81,6.833905210072272e-4,BLBR,0
82,5.168618917268097e-4,BLBR,0
83,0.0010242937770715717,BLBR,0
84,6.752990847540244e-4,BLBR,0
85,7.239812717206631e-4,BLBR,0
86,4.5329939628251445e-4,BLBR,0
87,3.125174604141085e-4,BLBR,0
88,3.554260611617427e-4,BLBR,0
89,6.519357930372592e-4,BLBR,0
90,4.081752847857748e-4,BLBR,0
91,6.044090338565848e-4,BLBR,0
92,3.80123972899534e-4,BLBR,0
93,4.7944547727716446e-4,BLBR,0
94,4.5939907803240745e-4,BLBR,0
95,5.941657390667585e-4,BLBR,0
96,4.951105119703476e-4,BLBR,0
97,6.023830472575654e-4,BLBR,0
98,5.683783983648141e-4,BLBR,0
99,5.207034778481375e-4,BLBR,0
100,8.820854817909096e-4,BLBR,0
101,5.509395914008411e-4,BLBR,0
102,7.127500830169134e-4,BLBR,0
103,5.087183073392631e-4,BLBR,0
104,6.528304448305622e-4,BLBR,0
105,6.480320891889093e-4,BLBR,0
106,4.778978232399652e-4,BLBR,0
107,5.639238471326744e-4,BLBR,0
108,8.747985447609312e-4,BLBR,0
109,4.78978496029431e-4,BLBR,0
110,4.7413805431355624e-4,BLBR,0
111,4.527597636993365e-4,BLBR,0
112,6.51535966017585e-4,BLBR,0
113,5.2842753753291e-4,BLBR,0
114,5.568769806741147e-4,BLBR,0
115,5.901223484818427e-4,BLBR,0
116,4.896219744583465e-4,BLBR,0
117,5.147918539808384e-4,BLBR,0
118,5.296837690522381e-4,BLBR,0
119,5.694871412347668e-4,BLBR,0
120,0.0011452813437088662,BLBR,0
121,9.875201424056558e-4,BLBR,0
122,8.626419164887567e-4,BLBR,0
123,5.120855590556936e-4,BLBR,0
124,4.7748574746740225e-4,BLBR,0
125,6.053370942037258e-4,BLBR,0
126,5.533282636229431e-4,BLBR,0
127,5.1354683429621e-4,BLBR,0
128,5.243152766297164e-4,BLBR,0
129,5.166542760848691e-4,BLBR,0
130,5.563341864630454e-4,BLBR,0
131,5.031644002748619e-4,BLBR,0
132,5.357553359212532e-4,BLBR,0
133,5.976979361131592e-4,BLBR,0
134,5.62143908220311e-4,BLBR,0
135,8.098847564873608e-4,BLBR,0
136,7.640234722878029e-4,BLBR,0
137,7.815297193021668e-4,BLBR,0
138,0.0010404150928547636,BLBR,0
139,7.16164564679847e-4,BLBR,0
140,5.769893581514267e-4,BLBR,0
141,6.023082836162146e-4,BLBR,0
142,5.086682726792297e-4,BLBR,0
143,9.87424943669164e-4,BLBR,0
144,7.931756448987759e-4,BLBR,0
145,5.765392635336597e-4,BLBR,0
146,5.1248506712361e-4,BLBR,0
147,3.905011034344094e-4,BLBR,0
148,3.6697172781698594e-4,BLBR,0
149,5.087200227204801e-4,BLBR,0
150,5.570121381550435e-4,BLBR,0
151,5.094634438002278e-4,BLBR,0
152,4.542592448888513e-4,BLBR,0
153,8.014305673126821e-4,BLBR,0
154,7.533975551568527e-4,BLBR,0
155,7.446571313916133e-4,BLBR,0
156,7.308923081991491e-4,BLBR,0
157,0.001208701328526587,BLBR,0
158,5.076154581589873e-4,BLBR,0
159,8.755338835025638e-4,BLBR,0
160,5.701894062556963e-4,BLBR,0
161,6.922859286180602e-4,BLBR,0
162,9.854693463059888e-4,BLBR,0
163,5.304136799694475e-4,BLBR,0
164,7.558898013650943e-4,BLBR,0
165,9.54497518500597e-4,BLBR,0
166,0.0010075092762942546,BLBR,0
167,3.165687900058532e-4,BLBR,0
168,4.949335748363248e-4,BLBR,0
169,5.572389233308357e-4,BLBR,0
170,5.359528982833662e-4,BLBR,0
171,0.0011626178643908398,BLBR,0
172,0.0012377525370743897,BLBR,0
173,9.042697320503318e-4,BLBR,0
174,6.876081753360904e-4,BLBR,0
175,9.77142411749793e-4,BLBR,0
176,0.0011591334116724276,BLBR,0
177,9.485095284333349e-4,BLBR,0
1,8.529026371503431e-4,BLBR,1
2,6.806406012907789e-4,BLBR,1
3,6.617571560809828e-4,BLBR,1
4,3.1061414444251526e-4,BLBR,1
5,6.104619541159927e-4,BLBR,1
6,6.331304691813479e-4,BLBR,1
7,8.178517526005264e-4,BLBR,1
8,6.501429452063586e-4,BLBR,1
9,7.618808472021966e-4,BLBR,1
10,8.123907576660023e-4,BLBR,1
11,5.815061611541872e-4,BLBR,1
12,7.33091118263509e-4,BLBR,1
13,3.8298372437039585e-4,BLBR,1
14,6.122391917772962e-4,BLBR,1
15,6.510585880872568e-4,BLBR,1
16,8.100159570655229e-4,BLBR,1
17,6.319102122414436e-4,BLBR,1
18,7.663902057165096e-4,BLBR,1
19,7.209873244819056e-4,BLBR,1
20,6.259788701220902e-4,BLBR,1
21,6.994487260045921e-4,BLBR,1
22,5.996213283477189e-4,BLBR,1
23,6.592739019775819e-4,BLBR,1
24,6.349099210243013e-4,BLBR,1
25,6.398961397309656e-4,BLBR,1
26,6.568034103013711e-4,BLBR,1
27,6.437139212635489e-4,BLBR,1
28,5.516753681418274e-4,BLBR,1
29,7.076224401540263e-4,BLBR,1
30,7.771975115579329e-4,BLBR,1
31,7.017759544369594e-4,BLBR,1
32,5.377214004206248e-4,BLBR,1
33,5.981396445622734e-4,BLBR,1
34,6.024069306214736e-4,BLBR,1
35,5.479033176099164e-4,BLBR,1
36,8.978388103325673e-4,BLBR,1
37,8.13596972240928e-4,BLBR,1
38,4.3390416384459624e-4,BLBR,1
39,6.100920299747695e-4,BLBR,1
40,6.103047920155003e-4,BLBR,1
41,4.7918189202401137e-4,BLBR,1
42,4.1296143267299427e-4,BLBR,1
43,5.609191271094118e-4,BLBR,1
44,6.347592173349707e-4,BLBR,1
45,7.004436267697604e-4,BLBR,1
46,4.523969377073418e-4,BLBR,1
47,9.423078618986963e-4,BLBR,1
48,3.4625274428507077e-4,BLBR,1
49,5.536051807314382e-4,BLBR,1
50,5.504892126136356e-4,BLBR,1
51,5.177562702829478e-4,BLBR,1
52,6.121043373633624e-4,BLBR,1
53,5.81171641257305e-4,BLBR,1
54,8.698526867081942e-4,BLBR,1
55,5.485853593444431e-4,BLBR,1
56,6.893497499426866e-4,BLBR,1
57,4.325782304034752e-4,BLBR,1
58,3.3269108181577614e-4,BLBR,1
59,8.537422155420724e-4,BLBR,1
60,6.739023225459572e-4,BLBR,1
61,5.450117999888831e-4,BLBR,1
62,7.495606814544247e-4,BLBR,1
63,2.1945866406479194e-4,BLBR,1
64,5.515972487135738e-4,BLBR,1
65,0.0010100845674080373,BLBR,1
66,6.56395319359307e-4,BLBR,1
67,4.8141969710343197e-4,BLBR,1
68,0.00037885475491641343,BLBR,1
69,6.221301941417576e-4,BLBR,1
70,5.163176964962454e-4,BLBR,1
71,7.126010794086096e-4,BLBR,1
72,6.55029820596665e-4,BLBR,1
73,4.201731609996227e-4,BLBR,1
74,5.908851055460806e-4,BLBR,1
75,8.577239132749084e-4,BLBR,1
76,5.143846058578141e-4,BLBR,1
77,8.420454445443495e-4,BLBR,1
78,6.412968997095127e-4,BLBR,1
79,5.230504345890635e-4,BLBR,1
80,5.297947781474434e-4,BLBR,1
81,6.907954457647732e-4,BLBR,1
82,5.160839947891792e-4,BLBR,1
83,0.0010053589713956872,BLBR,1
84,6.7522733478091e-4,BLBR,1
85,7.050670091688842e-4,BLBR,1
86,4.4449818073097726e-4,BLBR,1
87,2.641385798709546e-4,BLBR,1
88,2.905866826575077e-4,BLBR,1
89,6.326413773860467e-4,BLBR,1
90,3.8700522965709195e-4,BLBR,1
91,5.493801436389963e-4,BLBR,1
92,3.661570701196344e-4,BLBR,1
93,4.879057047300163e-4,BLBR,1
94,4.575478772016898e-4,BLBR,1
95,5.905322099022838e-4,BLBR,1
96,4.941747421149111e-4,BLBR,1
97,5.968359997408887e-4,BLBR,1
98,5.706024089204444e-4,BLBR,1
99,5.27133903267947e-4,BLBR,1
100,8.426936840850532e-4,BLBR,1
101,5.469312922540496e-4,BLBR,1
102,7.130246555393921e-4,BLBR,1
103,5.048972957453193e-4,BLBR,1
104,6.378252558214793e-4,BLBR,1
105,6.343843893646231e-4,BLBR,1
106,4.8121930661455586e-4,BLBR,1
107,5.580213287761339e-4,BLBR,1
108,8.492991933816798e-4,BLBR,1
109,4.758919221536787e-4,BLBR,1
110,4.7483759936353356e-4,BLBR,1
111,4.4772230418041014e-4,BLBR,1
112,6.421795281943932e-4,BLBR,1
113,5.212119822389426e-4,BLBR,1
114,5.059057949136441e-4,BLBR,1
115,5.936340001709788e-4,BLBR,1
116,4.886412370347775e-4,BLBR,1
117,5.107832610131858e-4,BLBR,1
118,5.272465258482979e-4,BLBR,1
119,5.600729415711538e-4,BLBR,1
120,0.0011349227049010807,BLBR,1
121,9.743269919483148e-4,BLBR,1
122,8.350310777682838e-4,BLBR,1
123,5.058154420258833e-4,BLBR,1
124,4.7226384857217217e-4,BLBR,1
125,5.977114091296134e-4,BLBR,1
126,5.349536651814387e-4,BLBR,1
127,5.117162501518723e-4,BLBR,1
128,5.126768116833935e-4,BLBR,1
129,5.155377382948331e-4,BLBR,1
130,5.467391643288765e-4,BLBR,1
131,5.034689335087016e-4,BLBR,1
132,5.366162791936102e-4,BLBR,1
133,5.919509905138797e-4,BLBR,1
134,5.618867194522471e-4,BLBR,1
135,7.803737173259001e-4,BLBR,1
136,7.499748202310665e-4,BLBR,1
137,7.52268778709817e-4,BLBR,1
138,0.0010258848506085076,BLBR,1
139,7.102173853820061e-4,BLBR,1
140,5.759474752021927e-4,BLBR,1
141,6.00757923440032e-4,BLBR,1
142,5.114217988126626e-4,BLBR,1
143,9.951495814040437e-4,BLBR,1
144,7.790578228991364e-4,BLBR,1
145,5.707572343675558e-4,BLBR,1
146,5.1445907038282e-4,BLBR,1
147,3.7098017134471595e-4,BLBR,1
148,3.6721011558833006e-4,BLBR,1
149,5.104509878418209e-4,BLBR,1
150,5.574784638565001e-4,BLBR,1
151,5.119994050377807e-4,BLBR,1
152,4.5473161120176465e-4,BLBR,1
153,7.985699176434292e-4,BLBR,1
154,7.419214095496756e-4,BLBR,1
155,7.44258285191926e-4,BLBR,1
156,7.267416150613749e-4,BLBR,1
157,0.0012175236602766954,BLBR,1
158,5.084366904655684e-4,BLBR,1
159,8.690165963934824e-4,BLBR,1
160,5.688092080629848e-4,BLBR,1
161,6.868472742856821e-4,BLBR,1
162,9.827984766839519e-4,BLBR,1
163,5.294192158318002e-4,BLBR,1
164,7.538014379050894e-4,BLBR,1
165,9.495182073113413e-4,BLBR,1
166,0.001004531508369613,BLBR,1
167,3.132984789886912e-4,BLBR,1
168,4.867991543005051e-4,BLBR,1
169,5.548167170048264e-4,BLBR,1
170,5.303145749546888e-4,BLBR,1
171,0.001162640886509247,BLBR,1
172,0.0012362704372393572,BLBR,1
173,8.975231152693938e-4,BLBR,1
174,6.743009151043687e-4,BLBR,1
175,9.796885401622763e-4,BLBR,1
176,0.001154971216142422,BLBR,1
177,9.628620667890424e-4,BLBR,1
1,8.611919677458679e-4,BLBR,2
2,6.832200705862535e-4,BLBR,2
3,6.371867030745647e-4,BLBR,2
4,3.0821035006122817e-4,BLBR,2
5,6.132701677347242e-4,BLBR,2
6,6.333441972191448e-4,BLBR,2
7,8.152550944814194e-4,BLBR,2
8,6.526459230329801e-4,BLBR,2
9,7.534134481146751e-4,BLBR,2
10,8.135070673698341e-4,BLBR,2
11,5.827988250639888e-4,BLBR,2
12,7.327380186158518e-4,BLBR,2
13,3.679010260935815e-4,BLBR,2
14,6.154923791342872e-4,BLBR,2
15,6.5239424131725e-4,BLBR,2
16,8.115622384708922e-4,BLBR,2
17,6.33848771081157e-4,BLBR,2
18,7.692927756154038e-4,BLBR,2
19,7.239599975671167e-4,BLBR,2
20,6.290808593990884e-4,BLBR,2
21,6.890567527322748e-4,BLBR,2
22,6.01443314065544e-4,BLBR,2
23,6.6223232584306e-4,BLBR,2
24,6.413001693305957e-4,BLBR,2
25,6.397935982883071e-4,BLBR,2
26,6.626512011670045e-4,BLBR,2
27,6.466876763667766e-4,BLBR,2
28,5.365826377889852e-4,BLBR,2
29,7.086494355700584e-4,BLBR,2
30,7.825540003050665e-4,BLBR,2
31,7.082821894803296e-4,BLBR,2
32,5.348961752325493e-4,BLBR,2
33,5.943038822464864e-4,BLBR,2
34,6.061332992874561e-4,BLBR,2
35,5.241574948025815e-4,BLBR,2
36,9.026717320484494e-4,BLBR,2
37,8.131295524187772e-4,BLBR,2
38,4.1450063336848184e-4,BLBR,2
39,6.138731201169217e-4,BLBR,2
40,5.979632217883873e-4,BLBR,2
41,4.642931118576485e-4,BLBR,2
42,3.9390419194089177e-4,BLBR,2
43,5.620875947222962e-4,BLBR,2
44,6.266436283899333e-4,BLBR,2
45,7.044127144375736e-4,BLBR,2
46,4.5420962710148165e-4,BLBR,2
47,9.493011284605055e-4,BLBR,2
48,3.3878760750009207e-4,BLBR,2
49,5.361373755492348e-4,BLBR,2
50,5.496594477743265e-4,BLBR,2
51,5.215461766476362e-4,BLBR,2
52,6.104458928868117e-4,BLBR,2
53,5.444145549541878e-4,BLBR,2
54,8.784552098074152e-4,BLBR,2
55,5.508865392321047e-4,BLBR,2
56,6.542411158146536e-4,BLBR,2
57,3.7686360883190895e-4,BLBR,2
58,3.1561778767229677e-4,BLBR,2
59,8.487633617902054e-4,BLBR,2
60,6.815870706346004e-4,BLBR,2
61,5.47018108384133e-4,BLBR,2
62,7.227601326616726e-4,BLBR,2
63,2.2144172286398979e-4,BLBR,2
64,5.365430772938243e-4,BLBR,2
65,0.0010153285946871424,BLBR,2
66,6.575171541506257e-4,BLBR,2
67,4.742028612549383e-4,BLBR,2
68,3.6484348462516205e-4,BLBR,2
69,5.811981735855804e-4,BLBR,2
70,5.153138869459006e-4,BLBR,2
71,7.190810355145737e-4,BLBR,2
72,6.164277066285556e-4,BLBR,2
73,3.9241903253916524e-4,BLBR,2
74,5.669958804820106e-4,BLBR,2
75,8.263602363341659e-4,BLBR,2
76,5.141627493057695e-4,BLBR,2
77,7.293255799890093e-4,BLBR,2
78,6.463751178357607e-4,BLBR,2
79,5.250527205198402e-4,BLBR,2
80,5.169171754026013e-4,BLBR,2
81,6.502586980261658e-4,BLBR,2
82,3.64855806520767e-4,BLBR,2
83,9.748119349022143e-4,BLBR,2
84,6.742173238007412e-4,BLBR,2
85,6.962950936315164e-4,BLBR,2
86,4.3586118645881085e-4,BLBR,2
87,2.5875859397588697e-4,BLBR,2
88,2.6139334922738606e-4,BLBR,2
89,5.665139393151256e-4,BLBR,2
90,3.3484144969656905e-4,BLBR,2
91,4.8259759371008335e-4,BLBR,2
92,3.532409487881954e-4,BLBR,2
93,3.8050129009248464e-4,BLBR,2
94,4.521471058298979e-4,BLBR,2
95,5.957143839340043e-4,BLBR,2
96,4.995562338514845e-4,BLBR,2
97,5.906231008400697e-4,BLBR,2
98,4.4086964098620594e-4,BLBR,2
99,5.567625328888403e-4,BLBR,2
100,8.281873122896249e-4,BLBR,2
101,5.425718509205272e-4,BLBR,2
102,7.233327238483946e-4,BLBR,2
103,4.958505743046692e-4,BLBR,2
104,5.824755676703442e-4,BLBR,2
105,6.265409975216371e-4,BLBR,2
106,4.8596498218994615e-4,BLBR,2
107,5.587003282088301e-4,BLBR,2
108,8.178503091385638e-4,BLBR,2
109,4.735121647514842e-4,BLBR,2
110,4.747756499874473e-4,BLBR,2
111,4.3697031949870376e-4,BLBR,2
112,6.258813949260115e-4,BLBR,2
113,5.078368323026789e-4,BLBR,2
114,4.8827090308536307e-4,BLBR,2
115,5.999802193725277e-4,BLBR,2
116,4.922016008690118e-4,BLBR,2
117,5.087176719026366e-4,BLBR,2
118,5.208090981016677e-4,BLBR,2
119,5.557476196845533e-4,BLBR,2
120,0.0011505549651982998,BLBR,2
121,9.845011704966312e-4,BLBR,2
122,8.240818919558211e-4,BLBR,2
123,5.09373710955692e-4,BLBR,2
124,4.714285271150474e-4,BLBR,2
125,5.978183258481046e-4,BLBR,2
126,5.147766151644104e-4,BLBR,2
127,5.139779978295043e-4,BLBR,2
128,5.095935848311659e-4,BLBR,2
129,5.130155896055167e-4,BLBR,2
130,5.450673721072018e-4,BLBR,2
131,5.017192668199161e-4,BLBR,2
132,5.397004439982457e-4,BLBR,2
133,5.866648202099626e-4,BLBR,2
134,5.624978598372349e-4,BLBR,2
135,7.669064221154994e-4,BLBR,2
136,7.33957649796086e-4,BLBR,2
137,7.382095069165758e-4,BLBR,2
138,0.001029216327945314,BLBR,2
139,7.104457669930903e-4,BLBR,2
140,5.738998036719939e-4,BLBR,2
141,6.020619636692683e-4,BLBR,2
142,5.156348637226078e-4,BLBR,2
143,0.0010066603500505518,BLBR,2
144,7.785848020072146e-4,BLBR,2
145,5.727563566639439e-4,BLBR,2
146,5.214363736840512e-4,BLBR,2
147,3.267360453608754e-4,BLBR,2
148,3.4141890049107636e-4,BLBR,2
149,5.11855260588724e-4,BLBR,2
150,5.587308090526818e-4,BLBR,2
151,5.197889272222387e-4,BLBR,2
152,4.5473898256412235e-4,BLBR,2
153,8.027673103055326e-4,BLBR,2
154,7.445897664523588e-4,BLBR,2
155,7.4916279429357e-4,BLBR,2
156,7.344794701931121e-4,BLBR,2
157,0.0012229744830379748,BLBR,2
158,5.097605748955952e-4,BLBR,2
159,8.730675571047933e-4,BLBR,2
160,5.655853276771918e-4,BLBR,2
161,6.798315010544541e-4,BLBR,2
162,9.887417052613806e-4,BLBR,2
163,5.314186688207372e-4,BLBR,2
164,7.54553620437525e-4,BLBR,2
165,9.4567004504346e-4,BLBR,2
166,0.0010139654073573466,BLBR,2
167,3.043283299832962e-4,BLBR,2
168,4.6947885067852936e-4,BLBR,2
169,5.51683676706166e-4,BLBR,2
170,5.23955022565102e-4,BLBR,2
171,0.0011691791315092562,BLBR,2
172,0.001246111825527608,BLBR,2
173,8.877341931272256e-4,BLBR,2
174,6.841108966606689e-4,BLBR,2
175,9.940282771829917e-4,BLBR,2
176,0.001161274318369214,BLBR,2
177,9.783604392920825e-4,BLBR,2
1,6.706818535819925e-4,MAAM,0
2,5.60872145463159e-4,MAAM,0
3,5.4267504153687e-4,MAAM,0
4,3.3819350075878614e-4,MAAM,0
5,5.20283093890047e-4,MAAM,0
6,4.973649680058416e-4,MAAM,0
7,6.256880289141429e-4,MAAM,0
8,4.918060570076438e-4,MAAM,0
9,5.413755265467128e-4,MAAM,0
10,5.752616161380265e-4,MAAM,0
11,4.716692740751812e-4,MAAM,0
12,5.628648323020756e-4,MAAM,0
13,3.8699718007027605e-4,MAAM,0
14,4.7517674117956673e-4,MAAM,0
15,4.998925070121719e-4,MAAM,0
16,6.193175528426961e-4,MAAM,0
17,4.8080625428072236e-4,MAAM,0
18,5.908107661063485e-4,MAAM,0
19,5.320719709073247e-4,MAAM,0
20,4.97816541534875e-4,MAAM,0
21,5.394200190525202e-4,MAAM,0
22,4.7995162397183855e-4,MAAM,0
23,4.97813594902916e-4,MAAM,0
24,4.829889873354703e-4,MAAM,0
25,4.6613004560514074e-4,MAAM,0
26,4.872743887558149e-4,MAAM,0
27,5.395790751546323e-4,MAAM,0
28,4.826631939513496e-4,MAAM,0
29,5.096979093827617e-4,MAAM,0
30,5.707056772196491e-4,MAAM,0
31,5.228590260556444e-4,MAAM,0
32,4.4794183757990234e-4,MAAM,0
33,4.5555607416253687e-4,MAAM,0
34,4.61526677043525e-4,MAAM,0
35,4.8327210828338045e-4,MAAM,0
36,6.753482741743868e-4,MAAM,0
37,5.537141293609549e-4,MAAM,0
38,4.1569850209835415e-4,MAAM,0
39,4.6724031923250773e-4,MAAM,0
40,5.136195218279477e-4,MAAM,0
41,4.2154987700657436e-4,MAAM,0
42,3.9908539235379884e-4,MAAM,0
43,4.4810028570656203e-4,MAAM,0
44,4.742367856699437e-4,MAAM,0
45,4.8255251763670533e-4,MAAM,0
46,4.1148920921854794e-4,MAAM,0
47,5.46978901757121e-4,MAAM,0
48,3.605132236130668e-4,MAAM,0
49,4.241749425569529e-4,MAAM,0
50,4.419575255917534e-4,MAAM,0
51,4.2825013712070463e-4,MAAM,0
52,4.6284863042121146e-4,MAAM,0
53,4.4113476235794336e-4,MAAM,0
54,6.970689562590261e-4,MAAM,0
55,4.4156749137860276e-4,MAAM,0
56,4.796952161471967e-4,MAAM,0
57,4.0558764081534285e-4,MAAM,0
58,3.783392794752592e-4,MAAM,0
59,5.429345673529287e-4,MAAM,0
60,5.139178917725487e-4,MAAM,0
61,4.3392963297574224e-4,MAAM,0
62,5.220796651119934e-4,MAAM,0
63,2.858875257560849e-4,MAAM,0
64,4.2134332535221996e-4,MAAM,0
65,6.896340303622037e-4,MAAM,0
66,4.696766299935941e-4,MAAM,0
67,4.0897617170161974e-4,MAAM,0
68,3.633515134206121e-4,MAAM,0
69,4.624664071660917e-4,MAAM,0
70,4.197593623593144e-4,MAAM,0
71,5.090817565963354e-4,MAAM,0
72,4.6784470944419895e-4,MAAM,0
73,3.849425138771064e-4,MAAM,0
74,4.679633240871804e-4,MAAM,0
75,5.024839963295732e-4,MAAM,0
76,4.171064782871993e-4,MAAM,0
77,5.778313760518236e-4,MAAM,0
78,4.6915512841737175e-4,MAAM,0
79,4.1872213713308327e-4,MAAM,0
80,4.1375598050903266e-4,MAAM,0
81,5.263790999279068e-4,MAAM,0
82,4.2692304560832653e-4,MAAM,0
83,6.960132299502202e-4,MAAM,0
84,4.689410937005826e-4,MAAM,0
85,5.247123651588766e-4,MAAM,0
86,3.795402743605393e-4,MAAM,0
87,3.2007922117592975e-4,MAAM,0
88,3.3767338716887945e-4,MAAM,0
89,4.808900234765046e-4,MAAM,0
90,3.591886928312886e-4,MAAM,0
91,4.747321788425308e-4,MAAM,0
92,3.7462981188590727e-4,MAAM,0
93,3.992106658276101e-4,MAAM,0
94,3.9960619010941724e-4,MAAM,0
95,4.386899457992436e-4,MAAM,0
96,3.809921798687511e-4,MAAM,0
97,4.353628899945087e-4,MAAM,0
98,4.420701302429785e-4,MAAM,0
99,4.390180202174848e-4,MAAM,0
100,8.392920089016144e-4,MAAM,0
101,4.246286979454995e-4,MAAM,0
102,4.833887237365292e-4,MAAM,0
103,4.479405189555036e-4,MAAM,0
104,4.6823126395209146e-4,MAAM,0
105,4.8077106623828846e-4,MAAM,0
106,4.2035887359115527e-4,MAAM,0
107,4.4593811483499205e-4,MAAM,0
108,5.940928229316566e-4,MAAM,0
109,4.281932094081369e-4,MAAM,0
110,3.901651119083325e-4,MAAM,0
111,4.177737381283721e-4,MAAM,0
112,4.654242328006426e-4,MAAM,0
113,4.403790234351375e-4,MAAM,0
114,4.392535231668444e-4,MAAM,0
115,4.3616103201514673e-4,MAAM,0
116,3.823100244717326e-4,MAAM,0
117,4.267920140038455e-4,MAAM,0
118,4.443964240554303e-4,MAAM,0
119,4.354321819378835e-4,MAAM,0
120,7.34241371819099e-4,MAAM,0
121,8.039112851711708e-4,MAAM,0
122,5.841171478380709e-4,MAAM,0
123,3.93005165612031e-4,MAAM,0
124,0.00040633116690214663,MAAM,0
125,4.424492555406172e-4,MAAM,0
126,4.4707326347044417e-4,MAAM,0
127,3.862656322164555e-4,MAAM,0
128,4.3328236854862055e-4,MAAM,0
129,3.845127908379267e-4,MAAM,0
130,4.483548390747275e-4,MAAM,0
131,3.8622297606540377e-4,MAAM,0
132,3.910859489480236e-4,MAAM,0
133,4.591605638215224e-4,MAAM,0
134,4.5782600065516347e-4,MAAM,0
135,5.935718906748559e-4,MAAM,0
136,4.836157225369995e-4,MAAM,0
137,5.558222565613665e-4,MAAM,0
138,6.94415554624752e-4,MAAM,0
139,5.00431450155901e-4,MAAM,0
140,4.508869940303812e-4,MAAM,0
141,4.458921217078072e-4,MAAM,0
142,3.8557079908515943e-4,MAAM,0
143,7.889309052976456e-4,MAAM,0
144,5.383332876332936e-4,MAAM,0
145,4.3473335485656983e-4,MAAM,0
146,3.7384274260277294e-4,MAAM,0
147,3.4756520915002205e-4,MAAM,0
148,3.5610168560924727e-4,MAAM,0
149,3.8658186564107286e-4,MAAM,0
150,4.603280676564735e-4,MAAM,0
151,3.862322456106001e-4,MAAM,0
152,3.7527629950227277e-4,MAAM,0
153,4.977839578820274e-4,MAAM,0
154,4.948257272456194e-4,MAAM,0
155,5.152104775399886e-4,MAAM,0
156,5.030555533908657e-4,MAAM,0
157,6.497356942068956e-4,MAAM,0
158,3.807901722706751e-4,MAAM,0
159,5.53282144959955e-4,MAAM,0
160,4.025737639420623e-4,MAAM,0
161,4.4909784722506883e-4,MAAM,0
162,7.387541465563211e-4,MAAM,0
163,3.9865553248282697e-4,MAAM,0
164,5.531248545338187e-4,MAAM,0
165,5.231444127338167e-4,MAAM,0
166,5.262677013393438e-4,MAAM,0
167,3.4486180349042693e-4,MAAM,0
168,4.011877569289563e-4,MAAM,0
169,4.3062080319920083e-4,MAAM,0
170,3.730920715839367e-4,MAAM,0
171,5.830774158459219e-4,MAAM,0
172,6.569837553828542e-4,MAAM,0
173,4.910570644879722e-4,MAAM,0
174,5.855234843451994e-4,MAAM,0
175,5.956874145644459e-4,MAAM,0
176,7.382257425727302e-4,MAAM,0
177,7.382756106813848e-4,MAAM,0
1,6.720084182360829e-4,MAAM,1
2,5.589008585259193e-4,MAAM,1
3,5.252071981811768e-4,MAAM,1
4,3.4234311129597097e-4,MAAM,1
5,5.210167872655187e-4,MAAM,1
6,4.950338018187189e-4,MAAM,1
7,6.229202381197766e-4,MAAM,1
8,4.908120352286327e-4,MAAM,1
9,5.411313176773261e-4,MAAM,1
10,5.783513557320723e-4,MAAM,1
11,4.707921990683721e-4,MAAM,1
12,5.635499887880548e-4,MAAM,1
13,3.752291642635093e-4,MAAM,1
14,4.746883068016537e-4,MAAM,1
15,5.004221518491414e-4,MAAM,1
16,6.191694599296663e-4,MAAM,1
17,4.8146633594070597e-4,MAAM,1
18,5.901676539847415e-4,MAAM,1
19,5.324308476100393e-4,MAAM,1
20,4.993319070795756e-4,MAAM,1
21,5.404083099058842e-4,MAAM,1
22,4.8103290531822197e-4,MAAM,1
23,4.980074166873814e-4,MAAM,1
24,4.845135979846163e-4,MAAM,1
25,4.685621696624013e-4,MAAM,1
26,4.886177022980742e-4,MAAM,1
27,5.413712374670381e-4,MAAM,1
28,4.7852899684479007e-4,MAAM,1
29,5.121943341556877e-4,MAAM,1
30,5.716639932299782e-4,MAAM,1
31,5.245896027327014e-4,MAAM,1
32,4.471190665099226e-4,MAAM,1
33,4.5466758375773097e-4,MAAM,1
34,4.6157484004380337e-4,MAAM,1
35,4.7909241083256943e-4,MAAM,1
36,6.696538923394332e-4,MAAM,1
37,5.519305754097879e-4,MAAM,1
38,4.0785935165466215e-4,MAAM,1
39,4.6655211866220524e-4,MAAM,1
40,5.114401197666164e-4,MAAM,1
41,4.221303266008229e-4,MAAM,1
42,3.968324992420056e-4,MAAM,1
43,4.4705659468736666e-4,MAAM,1
44,4.666257516761168e-4,MAAM,1
45,4.8474728977027966e-4,MAAM,1
46,4.113476355461842e-4,MAAM,1
47,5.490274432256206e-4,MAAM,1
48,3.497937143173419e-4,MAAM,1
49,4.158248602807531e-4,MAAM,1
50,4.411034988869477e-4,MAAM,1
51,4.26837542929754e-4,MAAM,1
52,4.6095743701825563e-4,MAAM,1
53,4.311844796022114e-4,MAAM,1
54,6.826592650396403e-4,MAAM,1
55,4.417821776643894e-4,MAAM,1
56,4.7595511029320346e-4,MAAM,1
57,3.956117722014682e-4,MAAM,1
58,3.4979093145583835e-4,MAAM,1
59,5.43190101355487e-4,MAAM,1
60,5.134374081339964e-4,MAAM,1
61,4.334498384787471e-4,MAAM,1
62,5.234406887523582e-4,MAAM,1
63,2.8848103087489573e-4,MAAM,1
64,4.1583726148731716e-4,MAAM,1
65,6.802991252605026e-4,MAAM,1
66,4.681582248783337e-4,MAAM,1
67,4.07768464629232e-4,MAAM,1
68,3.5993513292882656e-4,MAAM,1
69,4.560147664811371e-4,MAAM,1
70,4.187960040236394e-4,MAAM,1
71,5.064411851070296e-4,MAAM,1
72,4.6618835754183205e-4,MAAM,1
73,3.7657571739998114e-4,MAAM,1
74,4.6240708104592054e-4,MAAM,1
75,5.017873994808652e-4,MAAM,1
76,4.1480226382664334e-4,MAAM,1
77,5.71897991845389e-4,MAAM,1
78,4.717973194202632e-4,MAAM,1
79,4.1858462557986976e-4,MAAM,1
80,4.107412264927528e-4,MAAM,1
81,5.325417586270165e-4,MAAM,1
82,4.3162474323259263e-4,MAAM,1
83,6.798209486859628e-4,MAAM,1
84,4.709601554040191e-4,MAAM,1
85,5.186569899148842e-4,MAAM,1
86,3.760827480298261e-4,MAAM,1
87,3.0057366774381564e-4,MAAM,1
88,3.053678547093262e-4,MAAM,1
89,4.7605158578985316e-4,MAAM,1
90,0.00035042983054492513,MAAM,1
91,4.6099331920118814e-4,MAAM,1
92,3.693518190951656e-4,MAAM,1
93,4.042378107444243e-4,MAAM,1
94,4.003188681932508e-4,MAAM,1
95,4.3720294567420835e-4,MAAM,1
96,3.8092972601007656e-4,MAAM,1
97,4.340875510643876e-4,MAAM,1
98,4.4366608064027707e-4,MAAM,1
99,4.4348832514088787e-4,MAAM,1
100,8.16568695502673e-4,MAAM,1
101,4.2296865542253793e-4,MAAM,1
102,4.845490080800512e-4,MAAM,1
103,4.480287224339264e-4,MAAM,1
104,4.593440822602377e-4,MAAM,1
105,4.744531131371968e-4,MAAM,1
106,4.2325414452843005e-4,MAAM,1
107,4.466139620721369e-4,MAAM,1
108,5.570151124774066e-4,MAAM,1
109,4.2753645371827856e-4,MAAM,1
110,3.916308217645691e-4,MAAM,1
111,4.1651354787184514e-4,MAAM,1
112,4.619510091079553e-4,MAAM,1
113,4.3834985898205377e-4,MAAM,1
114,4.1931687436271774e-4,MAAM,1
115,4.3891664073154554e-4,MAAM,1
116,3.832009403722409e-4,MAAM,1
117,4.266012665810592e-4,MAAM,1
118,4.441488378622692e-4,MAAM,1
119,4.3233416277495436e-4,MAAM,1
120,7.23949711126303e-4,MAAM,1
121,7.680974281179138e-4,MAAM,1
122,5.655356294252403e-4,MAAM,1
123,3.9258368902671687e-4,MAAM,1
124,4.057952068743972e-4,MAAM,1
125,4.407380748275589e-4,MAAM,1
126,4.4218662644703933e-4,MAAM,1
127,3.8613506417423793e-4,MAAM,1
128,4.3555644208423145e-4,MAAM,1
129,3.8525158151303534e-4,MAAM,1
130,4.435021633933217e-4,MAAM,1
131,3.8673796985293576e-4,MAAM,1
132,3.9276725483056835e-4,MAAM,1
133,4.5757574718952206e-4,MAAM,1
134,4.588982817974875e-4,MAAM,1
135,5.574267382129716e-4,MAAM,1
136,4.8180308678757896e-4,MAAM,1
137,5.252559704823698e-4,MAAM,1
138,6.766856663406016e-4,MAAM,1
139,4.975120790348493e-4,MAAM,1
140,4.5203842235836165e-4,MAAM,1
141,4.462240281116266e-4,MAAM,1
142,3.865391663254988e-4,MAAM,1
143,7.767386503931041e-4,MAAM,1
144,5.32722253707692e-4,MAAM,1
145,4.344360927848506e-4,MAAM,1
146,3.750091767659316e-4,MAAM,1
147,3.4165453353085827e-4,MAAM,1
148,3.568654135496947e-4,MAAM,1
149,3.8820914723836656e-4,MAAM,1
150,4.614420811400751e-4,MAAM,1
151,3.8757038792797534e-4,MAAM,1
152,3.7582808174735745e-4,MAAM,1
153,4.979561903366854e-4,MAAM,1
154,4.927589546355601e-4,MAAM,1
155,5.177430229574508e-4,MAAM,1
156,5.028941954595754e-4,MAAM,1
157,6.510651658145801e-4,MAAM,1
158,3.8118334039482355e-4,MAAM,1
159,5.501754074327894e-4,MAAM,1
160,4.0150100067675045e-4,MAAM,1
161,4.4772031733176013e-4,MAAM,1
162,7.372206362668644e-4,MAAM,1
163,3.976737336623033e-4,MAAM,1
164,5.534289599262877e-4,MAAM,1
165,5.218757728409701e-4,MAAM,1
166,5.25647040191968e-4,MAAM,1
167,3.4104100431074386e-4,MAAM,1
168,3.991559323026464e-4,MAAM,1
169,4.3142532506190636e-4,MAAM,1
170,3.730096472529024e-4,MAAM,1
171,5.840356501241379e-4,MAAM,1
172,6.453596450009751e-4,MAAM,1
173,4.8430713340497534e-4,MAAM,1
174,5.818308721549392e-4,MAAM,1
175,5.961524507473836e-4,MAAM,1
176,7.3419830884305e-4,MAAM,1
177,7.523620225204593e-4,MAAM,1
1,6.764220678292842e-4,MAAM,2
2,5.608647813271339e-4,MAAM,2
3,5.135038026473161e-4,MAAM,2
4,3.394198706646056e-4,MAAM,2
5,5.229503044193535e-4,MAAM,2
6,4.958518532545815e-4,MAAM,2
7,6.235055268713279e-4,MAAM,2
8,4.915416910648704e-4,MAAM,2
9,5.398039401131945e-4,MAAM,2
10,5.629231117394079e-4,MAAM,2
11,4.715899754663113e-4,MAAM,2
12,5.632030608385626e-4,MAAM,2
13,3.676743148598675e-4,MAAM,2
14,4.754507563699641e-4,MAAM,2
15,5.005112666543962e-4,MAAM,2
16,6.194189466734184e-4,MAAM,2
17,4.813549859570379e-4,MAAM,2
18,5.9069993284733e-4,MAAM,2
19,5.329834151134145e-4,MAAM,2
20,4.999767474329666e-4,MAAM,2
21,5.375078645408222e-4,MAAM,2
22,4.8123559963846036e-4,MAAM,2
23,4.997468091943155e-4,MAAM,2
24,4.8750946526838974e-4,MAAM,2
25,4.695261721299086e-4,MAAM,2
26,4.902740777589157e-4,MAAM,2
27,5.42135232485447e-4,MAAM,2
28,4.717656714375152e-4,MAAM,2
29,5.120274093832962e-4,MAAM,2
30,5.737371945913249e-4,MAAM,2
31,5.265791092628654e-4,MAAM,2
32,4.4496353195003663e-4,MAAM,2
33,4.537742836566483e-4,MAAM,2
34,4.626893045045057e-4,MAAM,2
35,4.68139511917114e-4,MAAM,2
36,6.718471515015097e-4,MAAM,2
37,5.521618336525185e-4,MAAM,2
38,3.963007338877681e-4,MAAM,2
39,4.667659523731743e-4,MAAM,2
40,5.067066302222675e-4,MAAM,2
41,4.175558656555444e-4,MAAM,2
42,3.8772610720100233e-4,MAAM,2
43,4.473122883315329e-4,MAAM,2
44,4.582384784063996e-4,MAAM,2
45,4.8586652976234575e-4,MAAM,2
46,4.1127012426342213e-4,MAAM,2
47,5.518558066853458e-4,MAAM,2
48,3.4508125309763536e-4,MAAM,2
49,4.111508705766227e-4,MAAM,2
50,4.391681608272941e-4,MAAM,2
51,4.2524684233363877e-4,MAAM,2
52,4.590747571151748e-4,MAAM,2
53,4.209316863128754e-4,MAAM,2
54,6.877587857588096e-4,MAAM,2
55,4.416430580857901e-4,MAAM,2
56,4.633073847982613e-4,MAAM,2
57,3.732425216957286e-4,MAAM,2
58,3.4447887390368694e-4,MAAM,2
59,5.432245767544672e-4,MAAM,2
60,5.134820047448431e-4,MAAM,2
61,4.3285963975942513e-4,MAAM,2
62,5.141915494527696e-4,MAAM,2
63,2.888787360271905e-4,MAAM,2
64,4.0995771501116916e-4,MAAM,2
65,6.835386893361509e-4,MAAM,2
66,4.672941565417057e-4,MAAM,2
67,4.039175638511564e-4,MAAM,2
68,3.513523821426108e-4,MAAM,2
69,4.307896890591898e-4,MAAM,2
70,4.174579918807047e-4,MAAM,2
71,5.062519138888116e-4,MAAM,2
72,4.493095207095529e-4,MAAM,2
73,3.6289437260975696e-4,MAAM,2
74,4.53599734422177e-4,MAAM,2
75,4.984865851588152e-4,MAAM,2
76,4.137414613352272e-4,MAAM,2
77,5.232753106224793e-4,MAAM,2
78,4.729843768875417e-4,MAAM,2
79,4.1798477096654276e-4,MAAM,2
80,4.069984971436068e-4,MAAM,2
81,5.34524635928152e-4,MAAM,2
82,3.650305532244306e-4,MAAM,2
83,6.684157252087578e-4,MAAM,2
84,4.7137571054788285e-4,MAAM,2
85,5.153284137498088e-4,MAAM,2
86,3.711801032115816e-4,MAAM,2
87,2.981233649994051e-4,MAAM,2
88,2.969369637724984e-4,MAAM,2
89,4.56608066360917e-4,MAAM,2
90,3.3004869609531496e-4,MAAM,2
91,4.3662923625611895e-4,MAAM,2
92,3.6216637200554066e-4,MAAM,2
93,3.722475528901432e-4,MAAM,2
94,3.982055524670964e-4,MAAM,2
95,4.3843554355034415e-4,MAAM,2
96,3.8088250554786277e-4,MAAM,2
97,4.319171340472638e-4,MAAM,2
98,3.9004567073610804e-4,MAAM,2
99,4.543314419187381e-4,MAAM,2
100,8.096777343705383e-4,MAAM,2
101,4.21293188374008e-4,MAAM,2
102,4.8453455195431017e-4,MAAM,2
103,4.468985200788204e-4,MAAM,2
104,4.427830241437647e-4,MAAM,2
105,4.6795002965104753e-4,MAAM,2
106,4.2454411709716834e-4,MAAM,2
107,4.4763294962330463e-4,MAAM,2
108,5.470933599351492e-4,MAAM,2
109,4.2629965571533695e-4,MAAM,2
110,3.9216258710713465e-4,MAAM,2
111,4.1111725683644096e-4,MAAM,2
112,4.5759399798380005e-4,MAAM,2
113,4.3220987430111194e-4,MAAM,2
114,4.1017011597523344e-4,MAAM,2
115,4.417476928596798e-4,MAAM,2
116,3.8372143373971445e-4,MAAM,2
117,4.2555607006763713e-4,MAAM,2
118,4.41284311270179e-4,MAAM,2
119,4.306590070712079e-4,MAAM,2
120,7.348052880938871e-4,MAAM,2
121,7.719859464489296e-4,MAAM,2
122,5.651623477120529e-4,MAAM,2
123,3.9330106061376355e-4,MAAM,2
124,4.05266420400749e-4,MAAM,2
125,4.409829765198016e-4,MAAM,2
126,4.309483809875481e-4,MAAM,2
127,3.8698524020458973e-4,MAAM,2
128,4.364031111210023e-4,MAAM,2
129,3.851871232763537e-4,MAAM,2
130,4.4268773132905427e-4,MAAM,2
131,3.8429815369785906e-4,MAAM,2
132,3.9445687909843007e-4,MAAM,2
133,4.5595085530769283e-4,MAAM,2
134,4.592402705136528e-4,MAAM,2
135,5.600316875673348e-4,MAAM,2
136,4.7940616016535676e-4,MAAM,2
137,5.204124242349481e-4,MAAM,2
138,6.792191083504511e-4,MAAM,2
139,4.992831295617725e-4,MAAM,2
140,4.512062780922972e-4,MAAM,2
141,4.463682046424075e-4,MAAM,2
142,3.8890741233795487e-4,MAAM,2
143,7.542788653969335e-4,MAAM,2
144,5.316086298218397e-4,MAAM,2
145,4.3516810080711406e-4,MAAM,2
146,3.7772824155020944e-4,MAAM,2
147,3.224260628808553e-4,MAAM,2
148,3.458624571165713e-4,MAAM,2
149,3.888550280181472e-4,MAAM,2
150,4.6262812348130686e-4,MAAM,2
151,3.895335020998237e-4,MAAM,2
152,3.7586736446835323e-4,MAAM,2
153,4.99054030950262e-4,MAAM,2
154,4.930477403556873e-4,MAAM,2
155,5.207303815570474e-4,MAAM,2
156,5.061563609482156e-4,MAAM,2
157,6.5360212953203e-4,MAAM,2
158,3.8302650018609053e-4,MAAM,2
159,5.535475859050454e-4,MAAM,2
160,4.020130797067173e-4,MAAM,2
161,4.4758642293004643e-4,MAAM,2
162,7.38506421168009e-4,MAAM,2
163,3.988061324529146e-4,MAAM,2
164,5.521422876359558e-4,MAAM,2
165,5.212283413882907e-4,MAAM,2
166,5.27391006881609e-4,MAAM,2
167,3.3780904199805413e-4,MAAM,2
168,3.9471622774840963e-4,MAAM,2
169,4.304334018175245e-4,MAAM,2
170,3.7136954075735125e-4,MAAM,2
171,5.847037453492048e-4,MAAM,2
172,6.494568464854178e-4,MAAM,2
173,4.8487623933415256e-4,MAAM,2
174,5.887193751634273e-4,MAAM,2
175,6.014418176433095e-4,MAAM,2
176,7.390414717845007e-4,MAAM,2
177,7.628216695035807e-4,MAAM,2
1,8.689614347261763e-4,PLCI,0
2,7.075976366926412e-4,PLCI,0
3,7.51197855137575e-4,PLCI,0
4,3.643023542137873e-4,PLCI,0
5,5.9514915467966e-4,PLCI,0
6,6.467248175697437e-4,PLCI,0
7,8.256144284819727e-4,PLCI,0
8,6.46650837864907e-4,PLCI,0
9,7.879148474535523e-4,PLCI,0
10,8.136868629991171e-4,PLCI,0
11,5.755490776830865e-4,PLCI,0
12,7.325273351411471e-4,PLCI,0
13,4.0640434789865104e-4,PLCI,0
14,6.032637505027273e-4,PLCI,0
15,6.549237300571156e-4,PLCI,0
16,8.164398275811276e-4,PLCI,0
17,6.192559569446199e-4,PLCI,0
18,7.818470788863413e-4,PLCI,0
19,7.202568182733389e-4,PLCI,0
20,6.144672141785492e-4,PLCI,0
21,6.899938642287254e-4,PLCI,0
22,5.855859141905934e-4,PLCI,0
23,6.453698885673101e-4,PLCI,0
24,6.328831330498513e-4,PLCI,0
25,6.234488818744966e-4,PLCI,0
26,6.587294229224414e-4,PLCI,0
27,6.412842856475408e-4,PLCI,0
28,5.584348594309967e-4,PLCI,0
29,6.898954671301213e-4,PLCI,0
30,8.039007798483327e-4,PLCI,0
31,6.975263738077119e-4,PLCI,0
32,5.264356338169406e-4,PLCI,0
33,5.767557945753923e-4,PLCI,0
34,5.917373862620093e-4,PLCI,0
35,5.814987402864976e-4,PLCI,0
36,9.716603093779557e-4,PLCI,0
37,8.485341489337118e-4,PLCI,0
38,4.6117779764475933e-4,PLCI,0
39,6.171047652905845e-4,PLCI,0
40,6.107503430658358e-4,PLCI,0
41,4.7537545225272696e-4,PLCI,0
42,4.1125446467313965e-4,PLCI,0
43,5.499310882917316e-4,PLCI,0
44,6.993797872096547e-4,PLCI,0
45,6.946702111929746e-4,PLCI,0
46,4.309426584036169e-4,PLCI,0
47,9.895049076416732e-4,PLCI,0
48,4.0066705066193087e-4,PLCI,0
49,5.815306504072837e-4,PLCI,0
50,5.488933713420329e-4,PLCI,0
51,5.198389231602517e-4,PLCI,0
52,6.228698563689998e-4,PLCI,0
53,6.12773668520137e-4,PLCI,0
54,9.494649864076216e-4,PLCI,0
55,5.370082949879761e-4,PLCI,0
56,6.872827784226412e-4,PLCI,0
57,4.4855881278857835e-4,PLCI,0
58,3.7421507504084686e-4,PLCI,0
59,9.204135722065843e-4,PLCI,0
60,7.402540107611521e-4,PLCI,0
61,5.512003666918295e-4,PLCI,0
62,7.304449469205333e-4,PLCI,0
63,2.233596111609495e-4,PLCI,0
64,5.696061847100354e-4,PLCI,0
65,0.0010479712198357555,PLCI,0
66,6.594422873668701e-4,PLCI,0
67,4.831339788788881e-4,PLCI,0
68,4.0623680235520173e-4,PLCI,0
69,5.839009661109184e-4,PLCI,0
70,5.158659662124072e-4,PLCI,0
71,7.439054110581275e-4,PLCI,0
72,6.646155207952479e-4,PLCI,0
73,4.634376905187975e-4,PLCI,0
74,6.391952449879874e-4,PLCI,0
75,8.457488531851882e-4,PLCI,0
76,5.206206366531906e-4,PLCI,0
77,8.545634643039196e-4,PLCI,0
78,6.056167646790238e-4,PLCI,0
79,5.264404108686211e-4,PLCI,0
80,5.761780632528106e-4,PLCI,0
81,5.741978703290771e-4,PLCI,0
82,4.921361804094958e-4,PLCI,0
83,0.0010723747840426616,PLCI,0
84,6.49938078663208e-4,PLCI,0
85,6.615998198624633e-4,PLCI,0
86,4.5267836138563456e-4,PLCI,0
87,3.007608838166396e-4,PLCI,0
88,3.7288094258504584e-4,PLCI,0
89,6.159805647333584e-4,PLCI,0
90,4.611326133185286e-4,PLCI,0
91,5.042734696616357e-4,PLCI,0
92,3.664756544116921e-4,PLCI,0
93,3.8710051950075066e-4,PLCI,0
94,4.4773626828686e-4,PLCI,0
95,5.949219995790167e-4,PLCI,0
96,5.061722953556264e-4,PLCI,0
97,6.053255880152573e-4,PLCI,0
98,4.862354148533646e-4,PLCI,0
99,4.901378627362409e-4,PLCI,0
100,9.303855616145895e-4,PLCI,0
101,5.535935049894836e-4,PLCI,0
102,7.378014394990699e-4,PLCI,0
103,4.892599969373604e-4,PLCI,0
104,6.456908799123322e-4,PLCI,0
105,6.809849526187735e-4,PLCI,0
106,4.405912093218693e-4,PLCI,0
107,5.37343694948353e-4,PLCI,0
108,9.191695941933559e-4,PLCI,0
109,4.5019398194275794e-4,PLCI,0
110,4.7397621473660104e-4,PLCI,0
111,4.247567141118505e-4,PLCI,0
112,7.095274866086254e-4,PLCI,0
113,5.206149933866182e-4,PLCI,0
114,6.42864505630589e-4,PLCI,0
115,5.569876961577247e-4,PLCI,0
116,4.967883721697523e-4,PLCI,0
117,5.024700054870444e-4,PLCI,0
118,4.981248086513522e-4,PLCI,0
119,5.803069348864674e-4,PLCI,0
120,0.0011798952400351582,PLCI,0
121,0.0010141620548129483,PLCI,0
122,8.761312414494944e-4,PLCI,0
123,5.183802853496955e-4,PLCI,0
124,4.740603275984296e-4,PLCI,0
125,6.13472186007804e-4,PLCI,0
126,5.416076976886864e-4,PLCI,0
127,5.107901042354962e-4,PLCI,0
128,5.009470642618506e-4,PLCI,0
129,5.124802617353045e-4,PLCI,0
130,5.374376576932321e-4,PLCI,0
131,4.8657925068381404e-4,PLCI,0
132,5.435675837992973e-4,PLCI,0
133,5.712170191517695e-4,PLCI,0
134,5.535607136161473e-4,PLCI,0
135,8.830000767613147e-4,PLCI,0
136,7.150527939912419e-4,PLCI,0
137,8.339596056598238e-4,PLCI,0
138,0.0010692343353770556,PLCI,0
139,7.463986158159397e-4,PLCI,0
140,5.505218300577182e-4,PLCI,0
141,5.838769490231619e-4,PLCI,0
142,4.992728146017186e-4,PLCI,0
143,9.832046218278777e-4,PLCI,0
144,8.142503405050839e-4,PLCI,0
145,5.955809770158024e-4,PLCI,0
146,5.16651305841814e-4,PLCI,0
147,3.8102749546070337e-4,PLCI,0
148,3.470639127889156e-4,PLCI,0
149,4.950491364542093e-4,PLCI,0
150,5.077488775429637e-4,PLCI,0
151,5.081893882471199e-4,PLCI,0
152,4.216549465411468e-4,PLCI,0
153,7.955903075845728e-4,PLCI,0
154,7.74032678943602e-4,PLCI,0
155,6.912298646977508e-4,PLCI,0
156,6.99444365971407e-4,PLCI,0
157,0.001218557636332569,PLCI,0
158,5.00602707926476e-4,PLCI,0
159,8.898227998731308e-4,PLCI,0
160,5.732660999154171e-4,PLCI,0
161,6.984989237873454e-4,PLCI,0
162,0.0010331989124292122,PLCI,0
163,5.081725023371431e-4,PLCI,0
164,7.689267629097191e-4,PLCI,0
165,9.577889717972389e-4,PLCI,0
166,0.001040085472342972,PLCI,0
167,2.998424099850659e-4,PLCI,0
168,4.951205338947816e-4,PLCI,0
169,5.41661615530761e-4,PLCI,0
170,5.059822868187318e-4,PLCI,0
171,0.001205557435849271,PLCI,0
172,0.0012704129022744722,PLCI,0
173,9.346416074974976e-4,PLCI,0
174,7.054694528710479e-4,PLCI,0
175,9.699451003756322e-4,PLCI,0
176,0.0011609232972844717,PLCI,0
177,0.0010063233700667998,PLCI,0
1,8.736721536204846e-4,PLCI,1
2,7.010477968662145e-4,PLCI,1
3,7.088180829685891e-4,PLCI,1
4,3.752930395627495e-4,PLCI,1
5,5.985242181698775e-4,PLCI,1
6,6.406129500338781e-4,PLCI,1
7,8.207695754713916e-4,PLCI,1
8,6.449449324824356e-4,PLCI,1
9,7.85725417031878e-4,PLCI,1
10,8.196394396671804e-4,PLCI,1
11,5.748833359408229e-4,PLCI,1
12,7.345095876794877e-4,PLCI,1
13,3.814285381755516e-4,PLCI,1
14,6.022484827469042e-4,PLCI,1
15,6.534985522830793e-4,PLCI,1
16,8.162482983519781e-4,PLCI,1
17,6.189651104777166e-4,PLCI,1
18,7.802058380479752e-4,PLCI,1
19,7.197221008735513e-4,PLCI,1
20,6.169697119807514e-4,PLCI,1
21,6.906937228627807e-4,PLCI,1
22,5.893387790948936e-4,PLCI,1
23,6.432683622097051e-4,PLCI,1
24,6.363425555590362e-4,PLCI,1
25,6.280775125844222e-4,PLCI,1
26,6.629082967871924e-4,PLCI,1
27,6.457338934953856e-4,PLCI,1
28,5.473406140939436e-4,PLCI,1
29,6.955104671356506e-4,PLCI,1
30,8.057313422469351e-4,PLCI,1
31,6.978988627214694e-4,PLCI,1
32,5.254768618235597e-4,PLCI,1
33,5.726844394589789e-4,PLCI,1
34,5.903049325815591e-4,PLCI,1
35,5.69122420833914e-4,PLCI,1
36,9.630995467962644e-4,PLCI,1
37,8.357171555874537e-4,PLCI,1
38,4.423588510975223e-4,PLCI,1
39,6.13638034535555e-4,PLCI,1
40,6.050911823195166e-4,PLCI,1
41,4.751227243962019e-4,PLCI,1
42,4.082665982266933e-4,PLCI,1
43,5.513583971427045e-4,PLCI,1
44,6.663205833818843e-4,PLCI,1
45,6.970913609542152e-4,PLCI,1
46,4.3478699221453655e-4,PLCI,1
47,9.835516284125538e-4,PLCI,1
48,3.7903613071754147e-4,PLCI,1
49,5.42686589012942e-4,PLCI,1
50,5.46425139523396e-4,PLCI,1
51,5.140827968743954e-4,PLCI,1
52,6.17948317321737e-4,PLCI,1
53,5.858963265781261e-4,PLCI,1
54,9.104281537275358e-4,PLCI,1
55,5.382826984556183e-4,PLCI,1
56,6.765827984142284e-4,PLCI,1
57,4.246415896828507e-4,PLCI,1
58,3.2806796946718267e-4,PLCI,1
59,9.061977386469774e-4,PLCI,1
60,7.375405651969342e-4,PLCI,1
61,5.43248789354655e-4,PLCI,1
62,7.269336767492717e-4,PLCI,1
63,2.2606747218571304e-4,PLCI,1
64,5.516430184381036e-4,PLCI,1
65,0.0010302471541520706,PLCI,1
66,6.572554690732202e-4,PLCI,1
67,4.8003662372438365e-4,PLCI,1
68,3.9279246640165746e-4,PLCI,1
69,5.713810644248209e-4,PLCI,1
70,5.14353707512962e-4,PLCI,1
71,7.382631098513646e-4,PLCI,1
72,6.503652349437018e-4,PLCI,1
73,4.3788255683309966e-4,PLCI,1
74,6.22166044131212e-4,PLCI,1
75,8.319471967257937e-4,PLCI,1
76,5.113376509043071e-4,PLCI,1
77,8.430818680377673e-4,PLCI,1
78,6.077747374309944e-4,PLCI,1
79,5.268558139208258e-4,PLCI,1
80,5.543512861103552e-4,PLCI,1
81,5.800521778684889e-4,PLCI,1
82,4.859364710833052e-4,PLCI,1
83,0.0010510162221031194,PLCI,1
84,6.499016672592402e-4,PLCI,1
85,6.403294504529877e-4,PLCI,1
86,4.424204371800665e-4,PLCI,1
87,2.516760437549138e-4,PLCI,1
88,2.994072160495908e-4,PLCI,1
89,5.968622839894562e-4,PLCI,1
90,4.2490111080665524e-4,PLCI,1
91,4.553084152750544e-4,PLCI,1
92,3.4766909302707904e-4,PLCI,1
93,3.9538961575569514e-4,PLCI,1
94,4.4450194900621555e-4,PLCI,1
95,5.926446906785763e-4,PLCI,1
96,5.058235145420758e-4,PLCI,1
97,6.000082855038664e-4,PLCI,1
98,4.85344083032823e-4,PLCI,1
99,4.962954139709451e-4,PLCI,1
100,8.837817564900877e-4,PLCI,1
101,5.486740507057378e-4,PLCI,1
102,7.356596163821074e-4,PLCI,1
103,4.813336086488627e-4,PLCI,1
104,6.304043413715929e-4,PLCI,1
105,6.66063556843843e-4,PLCI,1
106,4.436731750498298e-4,PLCI,1
107,5.317418433498516e-4,PLCI,1
108,8.862747754133383e-4,PLCI,1
109,4.472110857001575e-4,PLCI,1
110,4.735952685346947e-4,PLCI,1
111,4.1595292100781475e-4,PLCI,1
112,6.990581476086208e-4,PLCI,1
113,5.111214740604093e-4,PLCI,1
114,5.51129378071216e-4,PLCI,1
115,5.606341561376821e-4,PLCI,1
116,4.947082697669649e-4,PLCI,1
117,4.968289756406781e-4,PLCI,1
118,4.962726159492322e-4,PLCI,1
119,5.683039068085245e-4,PLCI,1
120,0.0011678932293148103,PLCI,1
121,9.964255009711981e-4,PLCI,1
122,8.478975455165904e-4,PLCI,1
123,5.090181771300955e-4,PLCI,1
124,4.6362667545128374e-4,PLCI,1
125,6.054882328820072e-4,PLCI,1
126,5.144975769840905e-4,PLCI,1
127,5.085333609595994e-4,PLCI,1
128,4.8417790095873266e-4,PLCI,1
129,5.110393496993226e-4,PLCI,1
130,5.273472786756418e-4,PLCI,1
131,4.871680501785241e-4,PLCI,1
132,5.446002260629339e-4,PLCI,1
133,5.654088411909577e-4,PLCI,1
134,5.513055532072011e-4,PLCI,1
135,8.41347424622013e-4,PLCI,1
136,6.978742245058658e-4,PLCI,1
137,7.973639328448593e-4,PLCI,1
138,0.0010535623258540836,PLCI,1
139,7.385161607524267e-4,PLCI,1
140,5.474849512852691e-4,PLCI,1
141,5.812535963103879e-4,PLCI,1
142,5.023459191088165e-4,PLCI,1
143,9.926985914567549e-4,PLCI,1
144,7.995562089238824e-4,PLCI,1
145,5.883761497008919e-4,PLCI,1
146,5.188661913747179e-4,PLCI,1
147,3.6173734856007387e-4,PLCI,1
148,3.4734066203231186e-4,PLCI,1
149,4.970661730132022e-4,PLCI,1
150,5.087325387479751e-4,PLCI,1
151,5.11139851212614e-4,PLCI,1
152,4.2188311209680624e-4,PLCI,1
153,7.909343020159616e-4,PLCI,1
154,7.598766675744443e-4,PLCI,1
155,6.907480128059635e-4,PLCI,1
156,6.926914736612202e-4,PLCI,1
157,0.00122976799364687,PLCI,1
158,5.019704466553101e-4,PLCI,1
159,8.819108205285177e-4,PLCI,1
160,5.726053806353098e-4,PLCI,1
161,6.942424435773579e-4,PLCI,1
162,0.0010312360411492197,PLCI,1
163,5.06426646583067e-4,PLCI,1
164,7.66837012250235e-4,PLCI,1
165,9.523938712945474e-4,PLCI,1
166,0.001035028720151828,PLCI,1
167,2.9909186436258414e-4,PLCI,1
168,4.874519496088811e-4,PLCI,1
169,5.39474743278434e-4,PLCI,1
170,5.014600378439708e-4,PLCI,1
171,0.0012056562598271627,PLCI,1
172,0.0012702726670696482,PLCI,1
173,9.276193732545488e-4,PLCI,1
174,6.886063828880324e-4,PLCI,1
175,9.719874451258625e-4,PLCI,1
176,0.0011583281218368767,PLCI,1
177,0.0010189587357162478,PLCI,1
1,8.834003028809642e-4,PLCI,2
2,7.027686149421684e-4,PLCI,2
3,6.843212298859933e-4,PLCI,2
4,3.696792695210813e-4,PLCI,2
5,6.010392341618761e-4,PLCI,2
6,6.400558775338998e-4,PLCI,2
7,8.181299840603715e-4,PLCI,2
8,6.471789775070123e-4,PLCI,2
9,7.716920819456545e-4,PLCI,2
10,8.208605358893314e-4,PLCI,2
11,5.761664052709223e-4,PLCI,2
12,7.341155622667757e-4,PLCI,2
13,3.666740757121316e-4,PLCI,2
14,6.053430301712085e-4,PLCI,2
15,6.545404116587803e-4,PLCI,2
16,8.177135144822555e-4,PLCI,2
17,6.225374223362668e-4,PLCI,2
18,7.840475082492235e-4,PLCI,2
19,7.231353974375541e-4,PLCI,2
20,6.212245022250522e-4,PLCI,2
21,6.808932368986884e-4,PLCI,2
22,5.911349359205904e-4,PLCI,2
23,6.462944227395647e-4,PLCI,2
24,6.425031716670162e-4,PLCI,2
25,6.281998590447456e-4,PLCI,2
26,6.692033531388661e-4,PLCI,2
27,6.49094943416541e-4,PLCI,2
28,5.326494975847296e-4,PLCI,2
29,6.979719247141787e-4,PLCI,2
30,8.111260543430287e-4,PLCI,2
31,7.060987659128347e-4,PLCI,2
32,5.228260045726082e-4,PLCI,2
33,5.680681595771115e-4,PLCI,2
34,5.939784024144011e-4,PLCI,2
35,5.454576417118294e-4,PLCI,2
36,9.686411791384021e-4,PLCI,2
37,8.34817471039554e-4,PLCI,2
38,4.207523099751108e-4,PLCI,2
39,6.182317485325105e-4,PLCI,2
40,5.932124326827331e-4,PLCI,2
41,4.608404656887077e-4,PLCI,2
42,3.901829572493565e-4,PLCI,2
43,5.539643078034893e-4,PLCI,2
44,6.626533071307161e-4,PLCI,2
45,7.015969086439693e-4,PLCI,2
46,4.3457239789487773e-4,PLCI,2
47,9.908615917456783e-4,PLCI,2
48,3.703670137791346e-4,PLCI,2
49,5.235769601276492e-4,PLCI,2
50,5.458653390231815e-4,PLCI,2
51,5.203462792358517e-4,PLCI,2
52,6.180125004413771e-4,PLCI,2
53,5.461501419431391e-4,PLCI,2
54,9.203432029659015e-4,PLCI,2
55,5.412973223135482e-4,PLCI,2
56,6.481137318963634e-4,PLCI,2
57,3.70591383510274e-4,PLCI,2
58,3.113386304886509e-4,PLCI,2
59,9.003487498815599e-4,PLCI,2
60,7.487120668304547e-4,PLCI,2
61,5.45537923494114e-4,PLCI,2
62,6.995167833606709e-4,PLCI,2
63,2.275047511333685e-4,PLCI,2
64,5.360411066173741e-4,PLCI,2
65,0.0010361050490569547,PLCI,2
66,6.593339602125305e-4,PLCI,2
67,4.7290046024548935e-4,PLCI,2
68,3.7848823445452617e-4,PLCI,2
69,5.432293568357115e-4,PLCI,2
70,5.148057391419843e-4,PLCI,2
71,7.478340675145514e-4,PLCI,2
72,6.130680955285291e-4,PLCI,2
73,4.0853130671731264e-4,PLCI,2
74,5.977339640991422e-4,PLCI,2
75,8.013436688403317e-4,PLCI,2
76,5.108376213367296e-4,PLCI,2
77,7.299357267726362e-4,PLCI,2
78,6.131024662694474e-4,PLCI,2
79,5.296508693743007e-4,PLCI,2
80,5.351225326291141e-4,PLCI,2
81,5.551030620218031e-4,PLCI,2
82,3.6509205330373504e-4,PLCI,2
83,0.001021179917783829,PLCI,2
84,6.489119270484244e-4,PLCI,2
85,6.297515670819044e-4,PLCI,2
86,4.3491628984585146e-4,PLCI,2
87,2.445247512917052e-4,PLCI,2
88,2.58839724849062e-4,PLCI,2
89,5.360805887400337e-4,PLCI,2
90,3.5095141012912663e-4,PLCI,2
91,4.0549132261721545e-4,PLCI,2
92,3.335942569725966e-4,PLCI,2
93,3.212231650743698e-4,PLCI,2
94,4.368529113393151e-4,PLCI,2
95,6.003195038788822e-4,PLCI,2
96,5.157428375181434e-4,PLCI,2
97,5.944997297127006e-4,PLCI,2
98,3.8516405348001665e-4,PLCI,2
99,5.308262636508725e-4,PLCI,2
100,8.700483597692597e-4,PLCI,2
101,5.458735020542816e-4,PLCI,2
102,7.488991873268616e-4,PLCI,2
103,4.660067314590893e-4,PLCI,2
104,5.716958670826377e-4,PLCI,2
105,6.677132170231682e-4,PLCI,2
106,4.485465872499516e-4,PLCI,2
107,5.337300868970704e-4,PLCI,2
108,8.512914884855138e-4,PLCI,2
109,4.455505869639684e-4,PLCI,2
110,4.720891940437886e-4,PLCI,2
111,4.064059051776027e-4,PLCI,2
112,6.857636829663368e-4,PLCI,2
113,4.999896587207291e-4,PLCI,2
114,5.270185555537893e-4,PLCI,2
115,5.671516343388278e-4,PLCI,2
116,4.995841353707254e-4,PLCI,2
117,4.947114538797946e-4,PLCI,2
118,4.912447562329906e-4,PLCI,2
119,5.62784801607633e-4,PLCI,2
120,0.0011865565041117852,PLCI,2
121,0.0010094218236012878,PLCI,2
122,8.352860040221932e-4,PLCI,2
123,5.131799945184534e-4,PLCI,2
124,4.613064101118784e-4,PLCI,2
125,6.064155391808034e-4,PLCI,2
126,4.964935702401246e-4,PLCI,2
127,5.119453439445973e-4,PLCI,2
128,4.7802735961535416e-4,PLCI,2
129,5.079845474804063e-4,PLCI,2
130,5.26634815113147e-4,PLCI,2
131,4.855753387668563e-4,PLCI,2
132,5.479617697681163e-4,PLCI,2
133,5.608403133880888e-4,PLCI,2
134,5.525085019139158e-4,PLCI,2
135,8.325837717100549e-4,PLCI,2
136,6.816941683293763e-4,PLCI,2
137,7.812692505590773e-4,PLCI,2
138,0.0010585468123603058,PLCI,2
139,7.385446037165268e-4,PLCI,2
140,5.46059366123011e-4,PLCI,2
141,5.831973262210522e-4,PLCI,2
142,5.065772660916665e-4,PLCI,2
143,0.001007184385779767,PLCI,2
144,8.001189236465139e-4,PLCI,2
145,5.917053237431289e-4,PLCI,2
146,5.262854513864474e-4,PLCI,2
147,3.18960400503419e-4,PLCI,2
148,3.230522717142727e-4,PLCI,2
149,4.990613947634445e-4,PLCI,2
150,5.094751899368602e-4,PLCI,2
151,5.198811554844381e-4,PLCI,2
152,4.2126968504624705e-4,PLCI,2
153,7.960726588241442e-4,PLCI,2
154,7.636629710225484e-4,PLCI,2
155,6.973923271200276e-4,PLCI,2
156,7.012199465402166e-4,PLCI,2
157,0.001236910146740742,PLCI,2
158,5.033013936468515e-4,PLCI,2
159,8.86114662883467e-4,PLCI,2
160,5.654366239187862e-4,PLCI,2
161,6.86358811542828e-4,PLCI,2
162,0.0010379026780248245,PLCI,2
163,5.097613566895819e-4,PLCI,2
164,7.6866006360994e-4,PLCI,2
165,9.489592059404055e-4,PLCI,2
166,0.001045337285804594,PLCI,2
167,2.9082165852984895e-4,PLCI,2
168,4.7163102887484097e-4,PLCI,2
169,5.404635278685218e-4,PLCI,2
170,4.968952286305646e-4,PLCI,2
171,0.0012153068453220515,PLCI,2
172,0.0012813929725077184,PLCI,2
173,9.179743371677401e-4,PLCI,2
174,6.987458458892865e-4,PLCI,2
175,9.876361515010323e-4,PLCI,2
176,0.001164215346725035,PLCI,2
177,0.0010357464884772813,PLCI,2
1,9.050146393087023e-4,RASY,0
2,7.722624953258991e-4,RASY,0
3,7.093505145504199e-4,RASY,0
4,2.445136645959339e-4,RASY,0
5,6.161828056156134e-4,RASY,0
6,5.977009439553909e-4,RASY,0
7,8.180531307725354e-4,RASY,0
8,6.465199037815219e-4,RASY,0
9,7.658931574438074e-4,RASY,0
10,7.961012512152626e-4,RASY,0
11,5.515378984425669e-4,RASY,0
12,7.109904319737588e-4,RASY,0
13,3.651821372544488e-4,RASY,0
14,5.803219564109568e-4,RASY,0
15,6.262735719805004e-4,RASY,0
16,8.286764634945246e-4,RASY,0
17,6.005457562861764e-4,RASY,0
18,7.884764762914656e-4,RASY,0
19,7.015197149455853e-4,RASY,0
20,6.037892634619117e-4,RASY,0
21,6.652723765718852e-4,RASY,0
22,5.752606570746217e-4,RASY,0
23,6.336526073603657e-4,RASY,0
24,6.245981894618979e-4,RASY,0
25,5.896686178506163e-4,RASY,0
26,6.442459381855933e-4,RASY,0
27,6.405677177288875e-4,RASY,0
28,5.262597370082653e-4,RASY,0
29,6.692069989156531e-4,RASY,0
30,7.959578662588007e-4,RASY,0
31,6.781211012543687e-4,RASY,0
32,5.230252944212962e-4,RASY,0
33,5.671504743278763e-4,RASY,0
34,5.839038777678502e-4,RASY,0
35,5.4034812077383e-4,RASY,0
36,9.485507208138983e-4,RASY,0
37,8.24456094397299e-4,RASY,0
38,4.467325016355317e-4,RASY,0
39,6.092211193498649e-4,RASY,0
40,5.8138681217845e-4,RASY,0
41,4.4477803354602723e-4,RASY,0
42,3.9059080478138136e-4,RASY,0
43,5.334148767941748e-4,RASY,0
44,6.699376995137565e-4,RASY,0
45,6.731480898318368e-4,RASY,0
46,4.174669301270003e-4,RASY,0
47,9.476084066950992e-4,RASY,0
48,3.7027996814242007e-4,RASY,0
49,5.506491963512258e-4,RASY,0
50,5.455117891867739e-4,RASY,0
51,4.983159344316215e-4,RASY,0
52,6.006021147911999e-4,RASY,0
53,5.773949302682939e-4,RASY,0
54,9.289811539730764e-4,RASY,0
55,5.188668990101616e-4,RASY,0
56,7.579872042531657e-4,RASY,0
57,4.4118492222298137e-4,RASY,0
58,3.715017853256963e-4,RASY,0
59,9.10426459478142e-4,RASY,0
60,7.145154578140093e-4,RASY,0
61,5.402634466048239e-4,RASY,0
62,7.497131174176815e-4,RASY,0
63,2.0696054162504395e-4,RASY,0
64,5.595581054959187e-4,RASY,0
65,0.001050054537871651,RASY,0
66,6.377467415165693e-4,RASY,0
67,4.6749333050852585e-4,RASY,0
68,4.088793518064074e-4,RASY,0
69,6.512110963844252e-4,RASY,0
70,5.010016644283505e-4,RASY,0
71,7.180473215982386e-4,RASY,0
72,6.517479337347614e-4,RASY,0
73,4.631635424443264e-4,RASY,0
74,6.361308583384857e-4,RASY,0
75,8.570115505643753e-4,RASY,0
76,5.103592499730911e-4,RASY,0
77,8.748611479546364e-4,RASY,0
78,6.338395211841166e-4,RASY,0
79,5.068650429574105e-4,RASY,0
80,5.757416726577711e-4,RASY,0
81,7.884951870409957e-4,RASY,0
82,5.136196907996019e-4,RASY,0
83,0.0010514271420552133,RASY,0
84,6.770751774949411e-4,RASY,0
85,8.19450363416667e-4,RASY,0
86,4.439330643692504e-4,RASY,0
87,3.463984567118363e-4,RASY,0
88,3.660405334125375e-4,RASY,0
89,6.806206983298291e-4,RASY,0
90,4.4108914246950595e-4,RASY,0
91,6.828811447151845e-4,RASY,0
92,4.122264742491256e-4,RASY,0
93,5.329224622255595e-4,RASY,0
94,4.511771855309965e-4,RASY,0
95,5.773657169386637e-4,RASY,0
96,4.714591241055134e-4,RASY,0
97,5.896550171592373e-4,RASY,0
98,6.215119803297973e-4,RASY,0
99,5.132717554149958e-4,RASY,0
100,0.001005094391747967,RASY,0
101,5.438313088767472e-4,RASY,0
102,6.87155609514047e-4,RASY,0
103,5.779770192757603e-4,RASY,0
104,6.235767956443454e-4,RASY,0
105,6.843454959928314e-4,RASY,0
106,4.714633303871767e-4,RASY,0
107,5.5885628609897e-4,RASY,0
108,8.891047166662071e-4,RASY,0
109,4.839444762268241e-4,RASY,0
110,4.5824944657265763e-4,RASY,0
111,4.5703095512830363e-4,RASY,0
112,6.995591924258334e-4,RASY,0
113,5.309239920628212e-4,RASY,0
114,6.070636074921185e-4,RASY,0
115,6.00626556879207e-4,RASY,0
116,4.769481892427037e-4,RASY,0
117,5.132226792980265e-4,RASY,0
118,5.20970002060743e-4,RASY,0
119,5.386265447529752e-4,RASY,0
120,0.0011967060044894065,RASY,0
121,0.0010474889155559321,RASY,0
122,8.638996557888072e-4,RASY,0
123,5.08537392249487e-4,RASY,0
124,4.744366556672326e-4,RASY,0
125,6.237493444081471e-4,RASY,0
126,5.911997258660642e-4,RASY,0
127,4.976550606344933e-4,RASY,0
128,5.609661758532328e-4,RASY,0
129,5.104290467438798e-4,RASY,0
130,5.42445158822624e-4,RASY,0
131,5.054641482739763e-4,RASY,0
132,5.461855232071215e-4,RASY,0
133,5.84773713010639e-4,RASY,0
134,5.899835062967521e-4,RASY,0
135,8.758781373281151e-4,RASY,0
136,7.682505647611232e-4,RASY,0
137,8.529234154269952e-4,RASY,0
138,0.0010597634337723358,RASY,0
139,7.328369235553904e-4,RASY,0
140,5.865945759864258e-4,RASY,0
141,5.812600785614279e-4,RASY,0
142,4.883044184835875e-4,RASY,0
143,0.0010092848131695723,RASY,0
144,8.531847908437329e-4,RASY,0
145,6.05588725228956e-4,RASY,0
146,4.956714543381105e-4,RASY,0
147,4.201586910649506e-4,RASY,0
148,3.58282860086459e-4,RASY,0
149,5.178645732785923e-4,RASY,0
150,6.049340103966973e-4,RASY,0
151,5.390159002824303e-4,RASY,0
152,4.965861410751795e-4,RASY,0
153,8.228043278607652e-4,RASY,0
154,7.92867144295849e-4,RASY,0
155,7.76427781001687e-4,RASY,0
156,7.641198419421947e-4,RASY,0
157,0.0012046371706354894,RASY,0
158,5.155775671582006e-4,RASY,0
159,8.923671953519513e-4,RASY,0
160,5.916655542613922e-4,RASY,0
161,7.154491531874339e-4,RASY,0
162,0.0010854245581344898,RASY,0
163,5.515764088421639e-4,RASY,0
164,7.938721543377798e-4,RASY,0
165,9.777919139421414e-4,RASY,0
166,0.0010384845031915803,RASY,0
167,3.1452899295954863e-4,RASY,0
168,6.561020504821219e-4,RASY,0
169,6.700205352633267e-4,RASY,0
170,5.492352839569699e-4,RASY,0
171,0.001206112259504792,RASY,0
172,0.0012640667881223392,RASY,0
173,9.510622778772435e-4,RASY,0
174,8.457497608391812e-4,RASY,0
175,0.001005031599990114,RASY,0
176,0.0011498479320839214,RASY,0
177,0.0010836271567063716,RASY,0
1,9.059799221682908e-4,RASY,1
2,7.657750040293601e-4,RASY,1
3,6.544151314634552e-4,RASY,1
4,2.587302830917087e-4,RASY,1
5,6.207159630701377e-4,RASY,1
6,5.929369521099309e-4,RASY,1
7,8.149446616332713e-4,RASY,1
8,6.453206670021358e-4,RASY,1
9,7.626718272462885e-4,RASY,1
10,8.047884351609972e-4,RASY,1
11,5.509523568973077e-4,RASY,1
12,7.140462009812835e-4,RASY,1
13,3.444393732388101e-4,RASY,1
14,5.794159790761211e-4,RASY,1
15,6.262672271547311e-4,RASY,1
16,8.285497242100619e-4,RASY,1
17,5.995335231440583e-4,RASY,1
18,7.866957542140378e-4,RASY,1
19,7.012322313506477e-4,RASY,1
20,6.059525364692388e-4,RASY,1
21,6.668909205243151e-4,RASY,1
22,5.7903863636548e-4,RASY,1
23,6.319813667521296e-4,RASY,1
24,6.298276419546945e-4,RASY,1
25,5.938341899673135e-4,RASY,1
26,6.485652529177906e-4,RASY,1
27,6.449876221077268e-4,RASY,1
28,5.137284661353033e-4,RASY,1
29,6.748756334520171e-4,RASY,1
30,7.989381765926727e-4,RASY,1
31,6.796800803345761e-4,RASY,1
32,5.221229090910634e-4,RASY,1
33,5.640985264451475e-4,RASY,1
34,5.828403085692979e-4,RASY,1
35,5.280285488788341e-4,RASY,1
36,9.432188520355526e-4,RASY,1
37,8.139336813201213e-4,RASY,1
38,4.2682161768953323e-4,RASY,1
39,6.05595601047621e-4,RASY,1
40,5.756749546055262e-4,RASY,1
41,4.4383941647737897e-4,RASY,1
42,3.8711727323307275e-4,RASY,1
43,5.350345375721481e-4,RASY,1
44,6.381271985090024e-4,RASY,1
45,6.763581375415326e-4,RASY,1
46,4.214276856017332e-4,RASY,1
47,9.437172957637891e-4,RASY,1
48,3.4939063169583387e-4,RASY,1
49,5.127821227566653e-4,RASY,1
50,5.428350193857014e-4,RASY,1
51,4.920815409611645e-4,RASY,1
52,5.952684707461997e-4,RASY,1
53,5.511229205133748e-4,RASY,1
54,8.92869752503416e-4,RASY,1
55,5.198806445702833e-4,RASY,1
56,7.368660563811468e-4,RASY,1
57,4.1179216216328607e-4,RASY,1
58,3.1807477623152063e-4,RASY,1
59,8.986652923806585e-4,RASY,1
60,7.110407112313781e-4,RASY,1
61,5.324131819204931e-4,RASY,1
62,7.472306957240559e-4,RASY,1
63,2.094668787024692e-4,RASY,1
64,5.406887336382223e-4,RASY,1
65,0.0010366142161169635,RASY,1
66,6.348714276862171e-4,RASY,1
67,4.640398071091159e-4,RASY,1
68,3.951418207710687e-4,RASY,1
69,6.316407543667021e-4,RASY,1
70,4.9925824629716e-4,RASY,1
71,7.118086692002179e-4,RASY,1
72,6.390726854155847e-4,RASY,1
73,4.377335532851206e-4,RASY,1
74,6.191347883097696e-4,RASY,1
75,8.416222288711668e-4,RASY,1
76,5.010758903971549e-4,RASY,1
77,8.579831262922479e-4,RASY,1
78,6.364852079518096e-4,RASY,1
79,5.068291312509645e-4,RASY,1
80,5.546079268511121e-4,RASY,1
81,8.004511840697013e-4,RASY,1
82,5.17496180731188e-4,RASY,1
83,0.0010307115966343874,RASY,1
84,6.773253211309717e-4,RASY,1
85,7.948265314346316e-4,RASY,1
86,4.3269054634679577e-4,RASY,1
87,2.865138227224289e-4,RASY,1
88,2.8682545877871136e-4,RASY,1
89,6.510329911079855e-4,RASY,1
90,4.102711399293797e-4,RASY,1
91,6.194181534248834e-4,RASY,1
92,3.925083404065306e-4,RASY,1
93,5.402458117461555e-4,RASY,1
94,4.507999841848721e-4,RASY,1
95,5.760698272581126e-4,RASY,1
96,4.719025204643842e-4,RASY,1
97,5.833629206578471e-4,RASY,1
98,6.240894233306649e-4,RASY,1
99,5.207538815863329e-4,RASY,1
100,9.491966693577248e-4,RASY,1
101,5.380518546927986e-4,RASY,1
102,6.873000309626189e-4,RASY,1
103,5.765354987995369e-4,RASY,1
104,6.086366956668944e-4,RASY,1
105,6.616989074471999e-4,RASY,1
106,4.7563658791350394e-4,RASY,1
107,5.521952821464941e-4,RASY,1
108,8.556379678845107e-4,RASY,1
109,4.800971585905679e-4,RASY,1
110,4.5946590438142635e-4,RASY,1
111,4.4958348496224244e-4,RASY,1
112,6.86766107814031e-4,RASY,1
113,5.21198923449289e-4,RASY,1
114,5.31753108530241e-4,RASY,1
115,6.043557808082421e-4,RASY,1
116,4.757176526617629e-4,RASY,1
117,5.081250958028034e-4,RASY,1
118,5.191525008788034e-4,RASY,1
119,5.2535895399419e-4,RASY,1
120,0.0011877789284737243,RASY,1
121,0.001028992789519051,RASY,1
122,8.356632678707768e-4,RASY,1
123,4.997602406880237e-4,RASY,1
124,4.652312097309256e-4,RASY,1
125,6.169985402111663e-4,RASY,1
126,5.678394202629914e-4,RASY,1
127,0.00049584522138806735,RASY,1
128,5.477024159174875e-4,RASY,1
129,5.097423777417172e-4,RASY,1
130,5.260222666636523e-4,RASY,1
131,5.069991457385608e-4,RASY,1
132,5.479663555978995e-4,RASY,1
133,5.794004248854592e-4,RASY,1
134,5.882821390778626e-4,RASY,1
135,8.371859975994145e-4,RASY,1
136,7.489939337889061e-4,RASY,1
137,8.122633852205222e-4,RASY,1
138,0.0010429265008342825,RASY,1
139,7.252260064491851e-4,RASY,1
140,5.843131902682038e-4,RASY,1
141,5.78762165746939e-4,RASY,1
142,4.915770719578876e-4,RASY,1
143,0.0010183136813200762,RASY,1
144,8.370464430333897e-4,RASY,1
145,5.987000130301263e-4,RASY,1
146,4.987787188238651e-4,RASY,1
147,4.0050116161908345e-4,RASY,1
148,3.5819704896059576e-4,RASY,1
149,5.199021890577825e-4,RASY,1
150,6.050592616083502e-4,RASY,1
151,5.417809834441868e-4,RASY,1
152,4.971645876165027e-4,RASY,1
153,8.172610581708532e-4,RASY,1
154,7.785157787112206e-4,RASY,1
155,7.74579252382979e-4,RASY,1
156,7.54921414484205e-4,RASY,1
157,0.0012172022951323887,RASY,1
158,5.161987514076879e-4,RASY,1
159,8.833505147142095e-4,RASY,1
160,5.899445634469754e-4,RASY,1
161,7.100216165467977e-4,RASY,1
162,0.0010838811395512062,RASY,1
163,5.480012617346665e-4,RASY,1
164,7.917987522000743e-4,RASY,1
165,9.714623079865017e-4,RASY,1
166,0.0010345948716567635,RASY,1
167,3.1411294872491326e-4,RASY,1
168,6.445315533891039e-4,RASY,1
169,6.673706561415036e-4,RASY,1
170,5.428019409941264e-4,RASY,1
171,0.0012078258049149076,RASY,1
172,0.0012644343732653458,RASY,1
173,9.43277164646637e-4,RASY,1
174,8.243168872560207e-4,RASY,1
175,0.0010053546632126107,RASY,1
176,0.0011485732148921817,RASY,1
177,0.0011008277838280467,RASY,1
1,9.141659151383158e-4,RASY,2
2,7.689266949339028e-4,RASY,2
3,6.256260887119748e-4,RASY,2
4,2.550016389059337e-4,RASY,2
5,6.232120280866558e-4,RASY,2
6,5.944001242570531e-4,RASY,2
7,0.00081465137024979155,RASY,2
8,6.479118115619755e-4,RASY,2
9,7.530887097460379e-4,RASY,2
10,8.080357227326767e-4,RASY,2
11,5.530950434062733e-4,RASY,2
12,7.1416474182998e-4,RASY,2
13,3.3064016476067954e-4,RASY,2
14,5.829057048884877e-4,RASY,2
15,6.280855018314868e-4,RASY,2
16,8.306409902509452e-4,RASY,2
17,6.010353699037082e-4,RASY,2
18,7.904922067263728e-4,RASY,2
19,7.050998384251178e-4,RASY,2
20,6.096188878091792e-4,RASY,2
21,6.588084103517429e-4,RASY,2
22,5.808423453574295e-4,RASY,2
23,6.360429012014014e-4,RASY,2
24,6.37434350892431e-4,RASY,2
25,5.951225305731519e-4,RASY,2
26,6.554272489431227e-4,RASY,2
27,6.483749894511791e-4,RASY,2
28,4.996577083510103e-4,RASY,2
29,6.778784836960998e-4,RASY,2
30,8.053876845265349e-4,RASY,2
31,6.877782853478875e-4,RASY,2
32,5.196385890655547e-4,RASY,2
33,5.614113520388194e-4,RASY,2
34,5.871823758906209e-4,RASY,2
35,5.061608236795932e-4,RASY,2
36,9.493594744488297e-4,RASY,2
37,8.142872762327862e-4,RASY,2
38,4.074980426439839e-4,RASY,2
39,6.101619641537868e-4,RASY,2
40,5.643744807540113e-4,RASY,2
41,4.3025941226015706e-4,RASY,2
42,3.6955416356011626e-4,RASY,2
43,5.376621017194674e-4,RASY,2
44,6.34595279334062e-4,RASY,2
45,6.810891793431333e-4,RASY,2
46,4.2120185392682184e-4,RASY,2
47,9.514238605459577e-4,RASY,2
48,3.4276507606866463e-4,RASY,2
49,4.947953246731649e-4,RASY,2
50,5.414726599465181e-4,RASY,2
51,4.968926939089795e-4,RASY,2
52,5.952343729242999e-4,RASY,2
53,5.142488248013351e-4,RASY,2
54,9.029254978852303e-4,RASY,2
55,5.227629768392629e-4,RASY,2
56,6.971243256881659e-4,RASY,2
57,3.568410521853879e-4,RASY,2
58,3.0103083847572736e-4,RASY,2
59,8.948597889990368e-4,RASY,2
60,7.195194351889567e-4,RASY,2
61,5.351476905398195e-4,RASY,2
62,7.214109177658849e-4,RASY,2
63,2.1502851434710576e-4,RASY,2
64,5.255582577539577e-4,RASY,2
65,0.0010433215095300996,RASY,2
66,6.366660054785858e-4,RASY,2
67,4.570641340016913e-4,RASY,2
68,3.8114235146148264e-4,RASY,2
69,5.907535394013791e-4,RASY,2
70,4.997118454602863e-4,RASY,2
71,7.192389033690181e-4,RASY,2
72,6.016732052371408e-4,RASY,2
73,4.0867068796132666e-4,RASY,2
74,5.92725525449975e-4,RASY,2
75,8.088520766867479e-4,RASY,2
76,5.010389773483744e-4,RASY,2
77,7.387459537599582e-4,RASY,2
78,6.392494898041492e-4,RASY,2
79,5.090175693066469e-4,RASY,2
80,0.00053559634800335145,RASY,2
81,7.459719990211073e-4,RASY,2
82,3.4793466945275646e-4,RASY,2
83,0.0010014316501934125,RASY,2
84,6.750976173771637e-4,RASY,2
85,7.805599100055444e-4,RASY,2
86,4.2411197210612635e-4,RASY,2
87,2.8151645207947443e-4,RASY,2
88,2.5136896651974333e-4,RASY,2
89,5.716962732278165e-4,RASY,2
90,3.4113008565242074e-4,RASY,2
91,5.341246072135232e-4,RASY,2
92,3.7694463378872836e-4,RASY,2
93,4.064227518786626e-4,RASY,2
94,4.462634003673026e-4,RASY,2
95,5.831857809424068e-4,RASY,2
96,4.814224037511743e-4,RASY,2
97,5.767487956316306e-4,RASY,2
98,4.6799134278805094e-4,RASY,2
99,5.509162040819604e-4,RASY,2
100,9.318470173079979e-4,RASY,2
101,5.34963463627107e-4,RASY,2
102,7.020041114253523e-4,RASY,2
103,5.64985791944884e-4,RASY,2
104,5.499802159792932e-4,RASY,2
105,6.556133436466916e-4,RASY,2
106,4.8065364216408265e-4,RASY,2
107,5.511517202672461e-4,RASY,2
108,8.21796186423875e-4,RASY,2
109,4.7767753362833783e-4,RASY,2
110,4.601322486784871e-4,RASY,2
111,4.3800184960306735e-4,RASY,2
112,6.73961056093783e-4,RASY,2
113,5.042517478614363e-4,RASY,2
114,5.168718775950726e-4,RASY,2
115,6.125830825729072e-4,RASY,2
116,4.807871963947377e-4,RASY,2
117,5.058192175531782e-4,RASY,2
118,5.123585878844745e-4,RASY,2
119,5.211164016474147e-4,RASY,2
120,0.0012085064223187358,RASY,2
121,0.001043857372573659,RASY,2
122,8.227371017392658e-4,RASY,2
123,5.042766560623438e-4,RASY,2
124,4.63429130659364e-4,RASY,2
125,6.181627574856003e-4,RASY,2
126,5.428765711522975e-4,RASY,2
127,5.001954995805748e-4,RASY,2
128,5.47496994679758e-4,RASY,2
129,5.081759999499287e-4,RASY,2
130,5.2483079554095e-4,RASY,2
131,5.06735377071062e-4,RASY,2
132,5.527441130326343e-4,RASY,2
133,5.743117815812238e-4,RASY,2
134,5.904317536059915e-4,RASY,2
135,8.302773129775785e-4,RASY,2
136,7.374300895479112e-4,RASY,2
137,7.94074926531464e-4,RASY,2
138,0.0010483772767525697,RASY,2
139,7.257704267586801e-4,RASY,2
140,5.847305844784112e-4,RASY,2
141,5.802081214658479e-4,RASY,2
142,4.974314207824625e-4,RASY,2
143,0.0010363843465511244,RASY,2
144,8.366742126764609e-4,RASY,2
145,6.031808698101612e-4,RASY,2
146,5.090187334736959e-4,RASY,2
147,3.4864710192337664e-4,RASY,2
148,3.3345688553221037e-4,RASY,2
149,5.213400345641049e-4,RASY,2
150,6.07738238135616e-4,RASY,2
151,5.49098178998732e-4,RASY,2
152,4.976994370463467e-4,RASY,2
153,8.233263316284421e-4,RASY,2
154,7.829168922561844e-4,RASY,2
155,7.795012267317514e-4,RASY,2
156,7.643209279119996e-4,RASY,2
157,0.0012267214734773336,RASY,2
158,5.177901409612823e-4,RASY,2
159,0.00088793804452618765,RASY,2
160,5.837451844157815e-4,RASY,2
161,7.035950278907731e-4,RASY,2
162,0.0010907822607607819,RASY,2
163,5.500561622114708e-4,RASY,2
164,7.92506378223479e-4,RASY,2
165,9.689013638864334e-4,RASY,2
166,0.001045733884071851,RASY,2
167,3.05663256251286e-4,RASY,2
168,6.253650157253726e-4,RASY,2
169,6.622807607830811e-4,RASY,2
170,5.359793091533396e-4,RASY,2
171,0.0012195943372262862,RASY,2
172,0.0012764175045435469,RASY,2
173,9.352150522993378e-4,RASY,2
174,8.359112276049101e-4,RASY,2
175,0.0010216925367586476,RASY,2
176,0.0011552731739077752,RASY,2
177,0.0011155707567265959,RASY,2
1,6.706390585998465e-4,URAM,0
2,6.237675154735782e-4,URAM,0
3,6.024383591544187e-4,URAM,0
4,2.9439496177194004e-4,URAM,0
5,5.191084425552201e-4,URAM,0
6,4.423537645261896e-4,URAM,0
7,5.951309974163119e-4,URAM,0
8,5.001730608818701e-4,URAM,0
9,5.447826949574866e-4,URAM,0
10,5.579546796362158e-4,URAM,0
11,4.4115637154159415e-4,URAM,0
12,5.278962240077924e-4,URAM,0
13,3.525382774048179e-4,URAM,0
14,4.487215415208888e-4,URAM,0
15,4.653452556525449e-4,URAM,0
16,6.186403237855032e-4,URAM,0
17,4.453589751816458e-4,URAM,0
18,5.355963513858128e-4,URAM,0
19,5.228704090778676e-4,URAM,0
20,4.7086881856870614e-4,URAM,0
21,5.9616108275792e-4,URAM,0
22,4.4376189294812097e-4,URAM,0
23,4.743483553246689e-4,URAM,0
24,4.993742893285624e-4,URAM,0
25,4.5553945749719256e-4,URAM,0
26,4.6768252432020924e-4,URAM,0
27,4.657297263503767e-4,URAM,0
28,4.4784199489674277e-4,URAM,0
29,6.173159931244759e-4,URAM,0
30,7.033347782760466e-4,URAM,0
31,4.8004569263170705e-4,URAM,0
32,4.1782211137330856e-4,URAM,0
33,4.195710799468117e-4,URAM,0
34,4.347161113663749e-4,URAM,0
35,4.371273161034938e-4,URAM,0
36,8.697090335398005e-4,URAM,0
37,7.033038380585891e-4,URAM,0
38,3.892123033692442e-4,URAM,0
39,4.46113006566027e-4,URAM,0
40,5.645398244899275e-4,URAM,0
41,3.905538773874937e-4,URAM,0
42,3.7919615306031523e-4,URAM,0
43,3.9747514893416676e-4,URAM,0
44,5.570405709054605e-4,URAM,0
45,4.997382444010072e-4,URAM,0
46,3.477512229227831e-4,URAM,0
47,9.419017569826401e-4,URAM,0
48,3.3872795164909187e-4,URAM,0
49,4.4920386659108065e-4,URAM,0
50,4.268206169098217e-4,URAM,0
51,4.152644843950483e-4,URAM,0
52,4.992405594217858e-4,URAM,0
53,5.087330594264632e-4,URAM,0
54,9.509240629999099e-4,URAM,0
55,4.2094894610761503e-4,URAM,0
56,7.347913991358605e-4,URAM,0
57,3.8266194991881067e-4,URAM,0
58,3.458140972104975e-4,URAM,0
59,7.25906905107135e-4,URAM,0
60,4.8517463419343084e-4,URAM,0
61,4.1161029536404336e-4,URAM,0
62,6.593278969967407e-4,URAM,0
63,2.444792824102579e-4,URAM,0
64,4.1613251135172886e-4,URAM,0
65,0.0010193853959519314,URAM,0
66,5.131231891417074e-4,URAM,0
67,3.7090802880033807e-4,URAM,0
68,3.479618398749065e-4,URAM,0
69,4.639306715692699e-4,URAM,0
70,3.927883606578274e-4,URAM,0
71,5.246516182310612e-4,URAM,0
72,5.055264506900713e-4,URAM,0
73,3.696243738902659e-4,URAM,0
74,4.6394367459463837e-4,URAM,0
75,7.422551475672141e-4,URAM,0
76,3.917118036869954e-4,URAM,0
77,6.64763862407502e-4,URAM,0
78,4.905013779055348e-4,URAM,0
79,3.8138849892222003e-4,URAM,0
80,4.103462166825412e-4,URAM,0
81,5.601338409879286e-4,URAM,0
82,4.247080839694138e-4,URAM,0
83,8.504426366715937e-4,URAM,0
84,5.922750004543266e-4,URAM,0
85,6.380555801148786e-4,URAM,0
86,3.491527873083969e-4,URAM,0
87,3.0512937152679914e-4,URAM,0
88,3.2742776418080255e-4,URAM,0
89,4.90783975216654e-4,URAM,0
90,3.464972077214866e-4,URAM,0
91,4.986728623069867e-4,URAM,0
92,3.5283268611577837e-4,URAM,0
93,4.0854237508411537e-4,URAM,0
94,3.684030072975949e-4,URAM,0
95,4.214227539185163e-4,URAM,0
96,3.389923996637902e-4,URAM,0
97,4.2457311618370337e-4,URAM,0
98,4.561149093274287e-4,URAM,0
99,4.157952742619861e-4,URAM,0
100,6.841439448502437e-4,URAM,0
101,4.074349960030404e-4,URAM,0
102,4.965736974281323e-4,URAM,0
103,4.5700979446252574e-4,URAM,0
104,4.0387328974793014e-4,URAM,0
105,5.202917358885427e-4,URAM,0
106,3.658644497221677e-4,URAM,0
107,4.3054100672238203e-4,URAM,0
108,7.005112771407988e-4,URAM,0
109,4.092715188953431e-4,URAM,0
110,3.4738797071651124e-4,URAM,0
111,3.690943507602942e-4,URAM,0
112,5.056608715139229e-4,URAM,0
113,4.2017631392765283e-4,URAM,0
114,4.7216092841473203e-4,URAM,0
115,4.2486226654119306e-4,URAM,0
116,3.4455261487338374e-4,URAM,0
117,4.022232586999685e-4,URAM,0
118,3.998230389490418e-4,URAM,0
119,4.2076895428205867e-4,URAM,0
120,0.0014316490952019445,URAM,0
121,0.0010709815293521792,URAM,0
122,6.25723950676954e-4,URAM,0
123,3.6322049654308105e-4,URAM,0
124,3.6116682451466136e-4,URAM,0
125,4.5334321731491144e-4,URAM,0
126,4.4687162700510403e-4,URAM,0
127,3.518512566118547e-4,URAM,0
128,4.144013147904688e-4,URAM,0
129,3.62704961524222e-4,URAM,0
130,4.1382949472648216e-4,URAM,0
131,3.6731609776245586e-4,URAM,0
132,3.9245727516349813e-4,URAM,0
133,4.3240981906077366e-4,URAM,0
134,4.6864232327981087e-4,URAM,0
135,5.683987564158158e-4,URAM,0
136,5.152698275023882e-4,URAM,0
137,7.098059724953068e-4,URAM,0
138,0.001068439681592708,URAM,0
139,5.324937785036188e-4,URAM,0
140,4.4613960952938114e-4,URAM,0
141,4.687527894672923e-4,URAM,0
142,3.3955479882750756e-4,URAM,0
143,9.836676251006279e-4,URAM,0
144,6.576444615049599e-4,URAM,0
145,4.741328847331888e-4,URAM,0
146,3.375721460173126e-4,URAM,0
147,3.5608096721018444e-4,URAM,0
148,3.1273196484423593e-4,URAM,0
149,3.7665383519641936e-4,URAM,0
150,4.483621254008599e-4,URAM,0
151,3.8393900701711223e-4,URAM,0
152,3.6786332848043443e-4,URAM,0
153,7.323178910805724e-4,URAM,0
154,6.790241252851003e-4,URAM,0
155,5.6759987679668e-4,URAM,0
156,5.777824858139994e-4,URAM,0
157,0.0012841116468010707,URAM,0
158,3.618616913058082e-4,URAM,0
159,6.958125944533163e-4,URAM,0
160,3.859711561439482e-4,URAM,0
161,4.388768025096663e-4,URAM,0
162,0.0010141959102935617,URAM,0
163,3.5662271500125776e-4,URAM,0
164,5.429175165781343e-4,URAM,0
165,9.809235973766192e-4,URAM,0
166,9.82691703157938e-4,URAM,0
167,3.314009746511957e-4,URAM,0
168,4.6039190766010657e-4,URAM,0
169,4.3567175082743223e-4,URAM,0
170,3.469234800676927e-4,URAM,0
171,0.001213947746712735,URAM,0
172,0.0014197611972032254,URAM,0
173,5.851086425307555e-4,URAM,0
174,6.456476532689014e-4,URAM,0
175,9.949836954789364e-4,URAM,0
176,9.423532134402541e-4,URAM,0
177,8.212235780634636e-4,URAM,0
1,6.720778062030327e-4,URAM,1
2,6.185882602047408e-4,URAM,1
3,5.709273441824003e-4,URAM,1
4,3.0320238065398986e-4,URAM,1
5,5.198745572374014e-4,URAM,1
6,4.405746423078599e-4,URAM,1
7,5.926538403436185e-4,URAM,1
8,4.987980927149492e-4,URAM,1
9,5.450567173054657e-4,URAM,1
10,5.632118998039682e-4,URAM,1
11,4.407943464532383e-4,URAM,1
12,5.303514599089278e-4,URAM,1
13,3.412812648981973e-4,URAM,1
14,4.4877999901103726e-4,URAM,1
15,4.654148846277581e-4,URAM,1
16,6.202455315858528e-4,URAM,1
17,4.4525961783304225e-4,URAM,1
18,5.362212380531357e-4,URAM,1
19,5.23821276797448e-4,URAM,1
20,4.7261609361706584e-4,URAM,1
21,5.960087335048585e-4,URAM,1
22,4.462177329698284e-4,URAM,1
23,4.767336660606441e-4,URAM,1
24,5.048312267472114e-4,URAM,1
25,4.575327455634404e-4,URAM,1
26,4.712532773940403e-4,URAM,1
27,4.694441002862514e-4,URAM,1
28,4.38577994151617e-4,URAM,1
29,6.218380669491875e-4,URAM,1
30,7.117428718682064e-4,URAM,1
31,4.837987627106995e-4,URAM,1
32,4.18535935707524e-4,URAM,1
33,4.206044395532733e-4,URAM,1
34,4.3663288773292455e-4,URAM,1
35,4.3117707043289306e-4,URAM,1
36,8.656919776843699e-4,URAM,1
37,6.994147665505586e-4,URAM,1
38,3.72842134579712e-4,URAM,1
39,4.463692153131715e-4,URAM,1
40,5.636517445828408e-4,URAM,1
41,3.7566942222534385e-4,URAM,1
42,3.813047542463712e-4,URAM,1
43,3.9976880320259504e-4,URAM,1
44,5.458000794315934e-4,URAM,1
45,5.05532033675754e-4,URAM,1
46,3.51781058135479e-4,URAM,1
47,9.353667822338136e-4,URAM,1
48,3.277117519361104e-4,URAM,1
49,4.3250471018228755e-4,URAM,1
50,4.247685093021728e-4,URAM,1
51,3.994441304208365e-4,URAM,1
52,4.932386548287466e-4,URAM,1
53,4.2559688534348584e-4,URAM,1
54,8.827754239628882e-4,URAM,1
55,4.2089502970829964e-4,URAM,1
56,7.182403194143825e-4,URAM,1
57,3.716820766858983e-4,URAM,1
58,3.1234369613368116e-4,URAM,1
59,7.254737012360637e-4,URAM,1
60,4.879630316773453e-4,URAM,1
61,4.0556021294290155e-4,URAM,1
62,6.625541736318374e-4,URAM,1
63,2.495055583416666e-4,URAM,1
64,4.007100314021495e-4,URAM,1
65,0.0010007225074619218,URAM,1
66,5.097277212348186e-4,URAM,1
67,3.670539307350349e-4,URAM,1
68,3.4311911954525056e-4,URAM,1
69,4.5803103256423724e-4,URAM,1
70,3.898917343321109e-4,URAM,1
71,5.190939100066673e-4,URAM,1
72,5.031979326614076e-4,URAM,1
73,3.5420454232008375e-4,URAM,1
74,4.3552343806850703e-4,URAM,1
75,7.307861708097646e-4,URAM,1
76,3.849247212036173e-4,URAM,1
77,6.573421373563617e-4,URAM,1
78,4.946575072010058e-4,URAM,1
79,3.798957437215828e-4,URAM,1
80,4.0225011823392725e-4,URAM,1
81,5.676754329371906e-4,URAM,1
82,4.288655212950303e-4,URAM,1
83,8.088566986766325e-4,URAM,1
84,5.92518071565491e-4,URAM,1
85,5.61273716571617e-4,URAM,1
86,3.4190981021828254e-4,URAM,1
87,2.740028258988986e-4,URAM,1
88,2.797580456938909e-4,URAM,1
89,4.8169426700406514e-4,URAM,1
90,3.3166299549138565e-4,URAM,1
91,4.736046807991307e-4,URAM,1
92,3.51388555851735e-4,URAM,1
93,4.146927442057051e-4,URAM,1
94,3.6390611431551874e-4,URAM,1
95,4.186357707148825e-4,URAM,1
96,3.3759289589064363e-4,URAM,1
97,4.2000388581638163e-4,URAM,1
98,4.5838751199745007e-4,URAM,1
99,4.2195511840324186e-4,URAM,1
100,6.676134430862635e-4,URAM,1
101,4.0289912608227284e-4,URAM,1
102,4.962794724789918e-4,URAM,1
103,4.6333054745639984e-4,URAM,1
104,3.9173846455954067e-4,URAM,1
105,5.04000265175341e-4,URAM,1
106,3.7010493161641e-4,URAM,1
107,4.3021652489291513e-4,URAM,1
108,6.429476486307912e-4,URAM,1
109,4.028497595056481e-4,URAM,1
110,3.463796547097692e-4,URAM,1
111,3.736057735600285e-4,URAM,1
112,4.982723103209545e-4,URAM,1
113,4.174607142878685e-4,URAM,1
114,4.3910205430766456e-4,URAM,1
115,4.281851034707904e-4,URAM,1
116,3.4405045794364523e-4,URAM,1
117,3.985073482077441e-4,URAM,1
118,4.03069007534068e-4,URAM,1
119,4.164576973939258e-4,URAM,1
120,0.0014192688859172107,URAM,1
121,0.0010467344316062856,URAM,1
122,5.464698320986049e-4,URAM,1
123,3.594068330854777e-4,URAM,1
124,3.5841006331251986e-4,URAM,1
125,4.497063844248723e-4,URAM,1
126,4.380597921671472e-4,URAM,1
127,3.498789832626827e-4,URAM,1
128,4.1633514618452465e-4,URAM,1
129,3.6172199667262525e-4,URAM,1
130,4.0435189480771935e-4,URAM,1
131,3.667045524188016e-4,URAM,1
132,3.9237734028110013e-4,URAM,1
133,4.31172875378154e-4,URAM,1
134,4.689721138929261e-4,URAM,1
135,4.669145566190913e-4,URAM,1
136,5.098070263826832e-4,URAM,1
137,6.792700668200735e-4,URAM,1
138,0.0010480258408973773,URAM,1
139,5.287757488815341e-4,URAM,1
140,4.4576381651992286e-4,URAM,1
141,4.61803381763642e-4,URAM,1
142,3.4115935990466293e-4,URAM,1
143,9.711566019086587e-4,URAM,1
144,6.432227642693503e-4,URAM,1
145,4.7300205109129014e-4,URAM,1
146,3.3848377740599775e-4,URAM,1
147,3.465909994570534e-4,URAM,1
148,3.1499496511588773e-4,URAM,1
149,3.7692225521495157e-4,URAM,1
150,4.5037736758044277e-4,URAM,1
151,3.844769341218846e-4,URAM,1
152,3.6692620291847586e-4,URAM,1
153,7.249587987291022e-4,URAM,1
154,6.461495575915639e-4,URAM,1
155,5.678559069545272e-4,URAM,1
156,5.738409112435297e-4,URAM,1
157,0.0012986116434021903,URAM,1
158,3.6124011473498614e-4,URAM,1
159,6.691825932785835e-4,URAM,1
160,3.837122349687069e-4,URAM,1
161,4.34094145191374e-4,URAM,1
162,9.976753309594414e-4,URAM,1
163,3.547702152586829e-4,URAM,1
164,5.390823721480628e-4,URAM,1
165,9.696441829478222e-4,URAM,1
166,9.791900703520929e-4,URAM,1
167,3.286312804779716e-4,URAM,1
168,4.5408254412855213e-4,URAM,1
169,4.353703018007488e-4,URAM,1
170,3.446563499693786e-4,URAM,1
171,0.0012179660624000378,URAM,1
172,0.0014157586044176618,URAM,1
173,5.786226983765534e-4,URAM,1
174,6.403813119201915e-4,URAM,1
175,9.929591459548303e-4,URAM,1
176,9.440717967423832e-4,URAM,1
177,8.401813237954954e-4,URAM,1
1,6.791704271457338e-4,URAM,2
2,0.00062075467553901855,URAM,2
3,5.55185263809363e-4,URAM,2
4,2.9310998658798134e-4,URAM,2
5,5.221482010534258e-4,URAM,2
6,4.420485429597979e-4,URAM,2
7,5.936302576704128e-4,URAM,2
8,5.005046273563863e-4,URAM,2
9,5.450737313226703e-4,URAM,2
10,5.667662339039998e-4,URAM,2
11,4.426562933625056e-4,URAM,2
12,5.32459541710393e-4,URAM,2
13,3.352941339308238e-4,URAM,2
14,4.508981716249916e-4,URAM,2
15,4.670140678847808e-4,URAM,2
16,6.228860192581385e-4,URAM,2
17,4.46705179893516e-4,URAM,2
18,5.387044593060499e-4,URAM,2
19,5.260025958068298e-4,URAM,2
20,4.7573921663707116e-4,URAM,2
21,5.957395692767747e-4,URAM,2
22,4.4812697320370005e-4,URAM,2
23,4.804719560699243e-4,URAM,2
24,5.099157249057521e-4,URAM,2
25,4.610558492216899e-4,URAM,2
26,4.7506327769333227e-4,URAM,2
27,4.7205111616926445e-4,URAM,2
28,4.332683267749245e-4,URAM,2
29,6.250953428345876e-4,URAM,2
30,7.154372089411787e-4,URAM,2
31,4.887334955940329e-4,URAM,2
32,4.182761176727605e-4,URAM,2
33,4.206152853251029e-4,URAM,2
34,4.3925689758913996e-4,URAM,2
35,4.235871232598579e-4,URAM,2
36,8.647585284885638e-4,URAM,2
37,6.980151700573741e-4,URAM,2
38,3.622870193366753e-4,URAM,2
39,4.487134541443701e-4,URAM,2
40,5.587095862795442e-4,URAM,2
41,3.71237075795442e-4,URAM,2
42,3.7200355166352225e-4,URAM,2
43,4.017348169061975e-4,URAM,2
44,5.397798408387822e-4,URAM,2
45,5.081418735556156e-4,URAM,2
46,3.5429583631103043e-4,URAM,2
47,9.382977458626975e-4,URAM,2
48,3.231338689768994e-4,URAM,2
49,4.2224864862616066e-4,URAM,2
50,4.2457771341668026e-4,URAM,2
51,4.010385919651708e-4,URAM,2
52,4.928427502450412e-4,URAM,2
53,4.1303133142445863e-4,URAM,2
54,8.898876147889507e-4,URAM,2
55,4.227472543521795e-4,URAM,2
56,6.917824886519742e-4,URAM,2
57,3.499683752405339e-4,URAM,2
58,3.0797411074899697e-4,URAM,2
59,7.183143436278802e-4,URAM,2
60,4.914089387228517e-4,URAM,2
61,4.0767163793953135e-4,URAM,2
62,6.474312667280686e-4,URAM,2
63,2.510115368712255e-4,URAM,2
64,3.9363056795140857e-4,URAM,2
65,0.0010037197371484759,URAM,2
66,5.109856497894771e-4,URAM,2
67,3.650366924002138e-4,URAM,2
68,3.361284289760002e-4,URAM,2
69,4.4057785430393645e-4,URAM,2
70,3.9077597571339083e-4,URAM,2
71,5.222043631988873e-4,URAM,2
72,4.861733641988193e-4,URAM,2
73,3.393358101611482e-4,URAM,2
74,4.2752077808935735e-4,URAM,2
75,7.034113779734423e-4,URAM,2
76,3.8521812117949027e-4,URAM,2
77,6.066981396701633e-4,URAM,2
78,5.018230055926073e-4,URAM,2
79,3.8138688063599213e-4,URAM,2
80,3.955058848053814e-4,URAM,2
81,5.599363643287894e-4,URAM,2
82,3.5401226985092916e-4,URAM,2
83,7.682735333218058e-4,URAM,2
84,5.911552930908456e-4,URAM,2
85,5.588352667861059e-4,URAM,2
86,3.372306689146123e-4,URAM,2
87,2.7142339163248937e-4,URAM,2
88,2.676116255235147e-4,URAM,2
89,4.555998988621289e-4,URAM,2
90,3.023102194861456e-4,URAM,2
91,4.418581722102445e-4,URAM,2
92,3.444165673357193e-4,URAM,2
93,3.6601108557214536e-4,URAM,2
94,3.6297434930861725e-4,URAM,2
95,4.255640588057944e-4,URAM,2
96,3.4074804185510585e-4,URAM,2
97,4.186743483859379e-4,URAM,2
98,3.895541625525916e-4,URAM,2
99,4.3727417623811777e-4,URAM,2
100,6.478685916262338e-4,URAM,2
101,4.0263999001391145e-4,URAM,2
102,4.982055900723519e-4,URAM,2
103,4.63021232412185e-4,URAM,2
104,3.7732463288877704e-4,URAM,2
105,4.787963407163216e-4,URAM,2
106,3.7523046571666385e-4,URAM,2
107,4.3148954896229637e-4,URAM,2
108,5.826655499504901e-4,URAM,2
109,4.028356742608981e-4,URAM,2
110,3.4807742995186753e-4,URAM,2
111,3.687174436193914e-4,URAM,2
112,4.949651771506773e-4,URAM,2
113,4.1001028843443214e-4,URAM,2
114,4.286170344682113e-4,URAM,2
115,4.344370693826235e-4,URAM,2
116,3.4654582077654143e-4,URAM,2
117,3.9844951991661534e-4,URAM,2
118,4.0083788222870727e-4,URAM,2
119,4.1552142975182594e-4,URAM,2
120,0.0014651390849935858,URAM,2
121,0.0010497857989084688,URAM,2
122,5.452669392756067e-4,URAM,2
123,3.6227043988638983e-4,URAM,2
124,3.585344680839389e-4,URAM,2
125,4.526085250988046e-4,URAM,2
126,4.2521928974822445e-4,URAM,2
127,3.523793868217485e-4,URAM,2
128,0.00041866107599049013,URAM,2
129,3.621608731998438e-4,URAM,2
130,4.046084998783182e-4,URAM,2
131,3.643246465715046e-4,URAM,2
132,3.958791935671289e-4,URAM,2
133,4.3065947334022125e-4,URAM,2
134,4.709843051396247e-4,URAM,2
135,4.6533126739480853e-4,URAM,2
136,5.090643939335387e-4,URAM,2
137,6.629512137261017e-4,URAM,2
138,0.0010464735218484028,URAM,2
139,5.323443414040327e-4,URAM,2
140,4.460454126689468e-4,URAM,2
141,4.631064319386995e-4,URAM,2
142,3.4542016518613797e-4,URAM,2
143,9.772254945402262e-4,URAM,2
144,6.440327698277095e-4,URAM,2
145,4.769677260408045e-4,URAM,2
146,3.432474654750022e-4,URAM,2
147,3.198962704388095e-4,URAM,2
148,3.0547052797560764e-4,URAM,2
149,3.782884778423735e-4,URAM,2
150,4.5190032542356503e-4,URAM,2
151,3.869575270735683e-4,URAM,2
152,3.6719017570594305e-4,URAM,2
153,7.284491461454134e-4,URAM,2
154,6.475319244127922e-4,URAM,2
155,5.710908626849803e-4,URAM,2
156,5.79391140092943e-4,URAM,2
157,0.0013014296595968893,URAM,2
158,3.6262732269886846e-4,URAM,2
159,6.711513365060973e-4,URAM,2
160,3.830618929715882e-4,URAM,2
161,4.333296542245216e-4,URAM,2
162,0.0010034409514197652,URAM,2
163,3.562457336600566e-4,URAM,2
164,5.392443439172462e-4,URAM,2
165,9.602979247661859e-4,URAM,2
166,9.87043187765573e-4,URAM,2
167,3.269537224611941e-4,URAM,2
168,4.4398169607407997e-4,URAM,2
169,4.346412038137177e-4,URAM,2
170,3.432292709462465e-4,URAM,2
171,0.0012285013598630538,URAM,2
172,0.0014218510298066745,URAM,2
173,5.767467140150828e-4,URAM,2
174,6.471412500543233e-4,URAM,2
175,0.0010084533271736416,URAM,2
176,9.48179570011386e-4,URAM,2
177,8.490595973349261e-4,URAM,2
