Unclassified,Settlement,Roads,Water,Forest,Forest Wetland,Trees,Treed Wetland,Cropland,Grassland Managed,Grassland Unmanaged,Wetland,Wetland Shrub,Wetland Herb,Other land,Year,Municipality
NA,1805,589,4775,16396,2171,447,384,13478,NA,1,4888,1158,1288,9,1990,Sainte-Anne-de-Sorel
NA,1989,1727,6331,16295,7662,772,489,42921,NA,NA,2056,1362,3165,6,1990,Yamaska
NA,16856,7424,2653,22380,403,504,183,14107,NA,59,606,510,551,77,1990,Sorel-Tracy
NA,1111,251,73,NA,NA,3,5,NA,NA,NA,2,NA,10,17,1990,Saint-Joseph-de-Sorel
NA,672,801,NA,5813,NA,283,NA,34895,NA,NA,1,NA,1,NA,1990,Saint-Gérard-Majella
NA,1848,1754,35,13764,59,594,34,53489,NA,NA,68,40,50,7,1990,Saint-Robert
NA,3648,1680,559,35820,38,562,37,42084,NA,1,191,77,107,3,1990,Sainte-Victoire-de-Sorel
NA,1214,2069,1147,16904,NA,768,12,81396,NA,NA,13,10,29,6,1990,Saint-David
NA,5871,3539,788,26332,494,665,279,26153,NA,30,909,559,385,405,1990,Contrecoeur
NA,3074,1739,2185,16139,254,238,45,16185,NA,NA,205,44,45,8,1990,Saint-Roch-de-Richelieu
NA,894,1524,1294,4451,NA,632,34,60377,NA,NA,33,15,36,NA,1990,Saint-Aimé
NA,2109,1637,2393,13059,NA,533,22,48339,NA,NA,81,41,42,5,1990,Saint-Ours
NA,557,167,27,50,NA,25,4,495,NA,NA,3,NA,NA,NA,1990,Massueville
NA,626,1034,352,8436,NA,341,6,46180,NA,NA,7,3,8,1,1990,Saint-Marcel-de-Richelieu
NA,870,1167,917,11401,NA,542,30,38782,NA,NA,59,8,15,1,1990,Saint-Louis
NA,692,1025,3,25973,NA,324,25,44947,NA,NA,175,9,30,3,1990,Saint-Bernard-de-Michaudville
NA,1401,1376,2441,9947,92,476,14,59551,NA,NA,32,22,15,17,1990,Saint-Antoine-sur-Richelieu
NA,1826,1216,107,36601,196,493,104,44925,NA,132,906,82,70,2,1990,Saint-Jude
NA,1946,1590,1443,21144,NA,652,17,68497,NA,29,16,8,14,4,1990,Saint-Hugues
NA,1720,2309,2331,16842,1422,558,17,70383,NA,NA,104,41,41,1,1990,Saint-Denis-sur-Richelieu
NA,3988,2618,560,19928,364,215,52,52259,NA,NA,133,62,89,21,1990,Verchères
NA,1045,939,794,3617,NA,486,9,57445,NA,29,13,3,2,3,1990,Saint-Barnabé-Sud
NA,2269,1869,39,16135,280,682,13,57756,NA,NA,120,86,184,1,1990,Sainte-Hélène-de-Bagot
NA,1397,1474,8,10731,510,473,33,49758,NA,36,141,128,153,7,1990,Saint-Nazaire-d'Acton
NA,460,770,83,7225,NA,92,3,27624,NA,NA,5,1,1,1,1990,Calixa-Lavallée
NA,2033,2025,765,14515,53,504,8,57322,NA,180,87,20,22,2,1990,Saint-Simon
NA,1912,2514,6,26396,28,560,37,73246,NA,NA,243,64,28,9,1990,La Présentation
NA,10235,5406,940,11598,121,373,81,74731,NA,93,136,290,159,34,1990,Varennes
NA,1405,1584,2170,14458,1488,498,20,48175,NA,NA,32,34,51,15,1990,Saint-Marc-sur-Richelieu
NA,1724,2254,178,37072,350,720,67,49896,NA,22,111,155,136,6,1990,Saint-Théodore-d'Acton
NA,1374,1735,1873,22365,NA,446,8,45631,NA,NA,17,32,24,3,1990,Saint-Charles-sur-Richelieu
NA,21970,11788,2851,15215,89,1597,61,157945,NA,42,758,117,433,56,1990,Saint-Hyacinthe
NA,1765,1924,1259,5615,NA,876,35,49921,NA,NA,36,61,73,5,1990,Upton
NA,2625,1707,391,10748,319,759,56,66380,NA,NA,144,162,258,8,1990,Saint-Liboire
NA,4415,1959,158,11194,20,461,70,22164,NA,59,33,76,375,5,1990,Saint-Amable
NA,1276,1772,184,63590,2116,344,162,31514,NA,3,226,527,306,7,1990,Sainte-Christine
NA,7121,3464,1110,50354,1111,768,137,36280,NA,NA,373,407,316,17,1990,Acton Vale
NA,18517,7950,936,6171,362,633,292,42748,NA,57,1111,312,552,126,1990,Boucherville
NA,3264,1320,164,17616,433,574,45,54669,NA,NA,322,130,545,33,1990,Saint-Dominique
NA,2932,1464,4,8083,NA,140,2,30492,NA,57,1,33,25,12,1990,Saint-Mathieu-de-Beloeil
NA,9585,4623,457,7305,99,259,40,31455,NA,22,61,81,216,37,1990,Sainte-Julie
NA,6290,3448,877,198,NA,111,NA,17133,NA,NA,1,17,1,2,1990,Beloeil
NA,2309,1858,8,4143,NA,273,NA,46518,NA,NA,NA,12,12,8,1990,Sainte-Marie-Madeleine
NA,7793,3786,1956,21047,NA,322,9,15663,NA,24,10,149,44,24,1990,Mont-Saint-Hilaire
NA,2660,2696,721,39224,849,1051,34,71964,NA,1,56,66,83,5,1990,Saint-Valérien-de-Milton
NA,990,525,20,129,NA,42,1,4178,NA,NA,NA,NA,7,1,1990,Sainte-Madeleine
NA,2517,2833,1133,110278,307,754,76,47843,NA,26,217,125,115,1,1990,Roxton
NA,56183,25015,428,19034,165,518,196,24678,NA,2001,111,267,133,26,1990,Longueuil
NA,1262,642,112,1857,NA,59,9,1639,NA,NA,1,48,35,3,1990,Roxton Falls
NA,5115,3148,2110,15359,383,1178,60,91274,NA,3,522,251,747,29,1990,Saint-Pie
NA,4771,2547,1039,2559,NA,206,25,29202,NA,NA,301,48,33,37,1990,Saint-Basile-le-Grand
NA,4403,1885,118,11376,NA,495,16,62024,NA,321,23,12,25,19,1990,Saint-Jean-Baptiste
NA,10867,4886,965,14733,24,329,70,15994,NA,NA,25,187,48,38,1990,Saint-Bruno-de-Montarville
NA,548,1114,431,31866,874,269,86,16696,NA,1,225,275,125,1,1990,Béthanie
NA,1936,1770,1165,9934,NA,671,15,74763,NA,NA,9,10,10,18,1990,Saint-Damase
NA,605,557,272,3670,80,92,22,3646,NA,1,25,77,57,6,1990,Pointe-Fortune
NA,1479,696,288,261,NA,5,NA,968,NA,NA,NA,8,1,10,1990,McMasterville
NA,2482,1411,360,669,NA,57,NA,1296,NA,NA,2,25,1,2,1990,Otterburn Park
NA,4663,3478,5717,71377,1041,424,90,27236,NA,22,131,236,118,17,1990,Roxton Pond
NA,2807,2147,591,30635,674,792,73,42202,NA,26,524,222,217,6,1990,Sainte-Cécile-de-Milton
NA,2079,1662,3491,7506,17,536,5,40385,NA,NA,22,18,48,6,1990,Saint-Mathias-sur-Richelieu
NA,5729,5467,2191,40072,2001,522,175,54091,NA,NA,402,207,192,17,1990,Rigaud
NA,5349,2652,348,NA,NA,2,2,NA,NA,NA,3,3,6,5,1990,Saint-Lambert
NA,5105,3326,2965,14525,536,690,103,44506,NA,NA,130,193,143,60,1990,Carignan
NA,1993,3048,2545,113685,548,333,178,19987,NA,2,297,220,267,5,1990,Saint-Joachim-de-Shefford
NA,2735,1113,152,15795,NA,529,1,28556,NA,74,3,16,12,12,1990,Rougemont
NA,4097,3542,133,3175,NA,681,1,57773,NA,NA,2,9,4,68,1990,Marieville
NA,17517,8832,510,7976,1369,364,87,12664,NA,127,193,601,232,45,1990,Brossard
NA,5496,1873,763,10332,160,241,99,5146,NA,NA,106,103,101,14,1990,Hudson
NA,4867,2881,1859,4792,NA,1128,18,77619,NA,NA,24,37,38,29,1990,Saint-Césaire
NA,5220,1922,375,40300,NA,777,36,40275,NA,111,27,66,62,14,1990,Saint-Paul-d'Abbotsford
NA,10760,6720,724,19944,189,528,120,40938,NA,29,244,222,283,38,1990,Vaudreuil-Dorion
NA,6663,3691,2517,5146,NA,250,5,11755,NA,NA,8,41,27,27,1990,Chambly
NA,33479,14525,2861,65729,1359,1155,327,49671,NA,104,842,1413,822,53,1990,Granby
NA,612,706,18,11585,44,130,22,16012,NA,NA,NA,11,8,NA,1990,Très-Saint-Rédempteur
NA,2415,1958,1758,2975,NA,369,19,26817,NA,NA,11,40,10,17,1990,Richelieu
NA,10758,5111,380,38798,508,307,119,17926,NA,4,195,428,431,44,1990,Saint-Lazare
NA,1225,1665,140,22683,221,142,66,62155,NA,NA,61,111,94,8,1990,Sainte-Marthe
NA,1299,1602,54,5581,NA,379,2,40977,NA,NA,8,12,13,9,1990,Sainte-Angèle-de-Monnoir
NA,8619,3879,544,13176,578,324,108,20127,NA,151,309,329,217,41,1990,La Prairie
NA,47,42,81,324,15,5,3,NA,NA,NA,23,6,5,NA,1990,L'Île-Cadieux
NA,388,224,11,467,NA,16,5,341,NA,NA,9,6,1,NA,1990,Vaudreuil-sur-le-Lac
NA,6382,6233,1147,100658,278,501,205,15754,NA,1,212,282,444,12,1990,Shefford
NA,2009,2039,463,22669,667,337,81,65590,NA,NA,3,66,140,36,1990,Sainte-Justine-de-Newton
NA,7791,2237,2038,34265,1194,253,437,4979,NA,85,538,440,1322,79,1990,Kahnawake
NA,36148,19285,7748,21067,367,1928,151,171023,NA,NA,190,469,787,216,1990,Saint-Jean-sur-Richelieu
NA,5727,2161,450,714,NA,153,13,565,NA,103,63,79,61,43,1990,Sainte-Catherine
NA,3700,1180,64,808,NA,109,7,1471,NA,92,1,70,101,64,1990,Delson
NA,4451,2020,775,9077,19,316,51,14442,NA,3,110,132,119,39,1990,Notre-Dame-de-l'Île-Perrot
NA,5673,2716,167,3687,NA,186,23,6865,NA,58,10,123,110,32,1990,Candiac
NA,2303,1320,81,1840,NA,35,28,16,NA,1,45,79,27,1,1990,L'Île-Perrot
NA,13153,7061,1562,5245,430,425,262,10808,NA,161,412,329,1521,25,1990,Châteauguay
NA,723,314,16,166,NA,NA,NA,NA,NA,NA,NA,NA,NA,NA,1990,Terrasse-Vaudreuil
NA,8845,4597,53,3089,NA,413,24,46832,NA,74,31,38,83,24,1990,Saint-Constant
NA,3996,2297,401,22959,371,1311,126,65869,NA,27,935,468,1238,24,1990,Ange-Gardien
NA,3305,2258,10,3113,NA,363,20,59865,NA,NA,2,34,46,43,1990,Saint-Philippe
NA,3015,2043,190,18455,NA,687,18,65684,NA,19,78,73,59,34,1990,Mont-Saint-Grégoire
NA,3294,1589,419,2825,NA,39,2,77,NA,NA,4,30,12,1,1990,Pincourt
NA,1380,884,1,3222,NA,69,2,37833,NA,1,29,19,100,1,1990,Saint-Clet
NA,246,206,1,4250,13,31,6,1331,NA,NA,14,9,7,NA,1990,Warden
NA,1962,2144,94,7809,41,609,13,64630,NA,30,713,180,141,4,1990,Sainte-Brigide-d'Iberville
NA,5210,3456,1256,15586,51,355,94,59185,NA,216,236,146,114,24,1990,Les Cèdres
NA,3429,719,676,3725,178,84,117,2481,NA,2,180,114,360,6,1990,Léry
NA,3340,2917,344,15395,23,676,99,32794,NA,33,7,40,24,17,1990,Saint-Alphonse-de-Granby
NA,3111,1245,1549,7343,13,83,47,1369,NA,NA,65,18,119,3,1990,Waterloo
NA,3418,1924,944,3035,NA,234,6,68923,NA,76,NA,11,26,NA,1990,Saint-Polycarpe
NA,5169,2902,819,9042,25,344,72,32351,NA,1,74,119,103,24,1990,Coteau-du-Lac
NA,10267,5762,1829,80808,370,894,331,27895,NA,NA,67,214,672,64,1990,Bromont
NA,1771,1438,100,2459,34,411,33,49473,NA,NA,285,47,1801,15,1990,Saint-Isidore
NA,1745,1065,1,1353,17,156,10,30316,NA,NA,45,22,22,2,1990,Saint-Mathieu
NA,4493,2317,919,3049,NA,365,70,40510,NA,NA,17,66,50,14,1990,Mercier
NA,8017,3831,2239,37860,471,1149,181,47386,NA,204,1650,866,328,50,1990,Farnham
NA,7902,3011,3014,8047,596,619,237,49947,NA,109,584,1039,611,15,1990,Beauharnois
NA,964,257,359,512,NA,47,28,244,NA,NA,55,15,101,6,1990,Pointe-des-Cascades
NA,2235,1545,421,9688,63,274,24,52835,NA,53,39,14,10,NA,1990,Saint-Télesphore
NA,2110,2046,343,4971,5,263,31,64925,NA,NA,41,36,52,157,1990,Saint-Jacques-le-Mineur
NA,3447,2161,234,12559,NA,649,122,65035,NA,NA,593,335,2401,16,1990,Saint-Rémi
NA,2004,2152,1821,4536,NA,225,35,60933,NA,NA,25,35,42,9,1990,Sainte-Martine
NA,20805,8637,2905,17152,13,1127,270,66003,NA,409,434,1290,300,121,1990,Salaberry-de-Valleyfield
NA,2126,2697,1103,99451,172,125,221,7309,NA,NA,161,54,341,NA,1990,Bolton-Ouest
NA,11780,7861,18237,179207,3078,711,854,21647,NA,NA,599,391,2508,14,1990,Lac-Brome
NA,3535,3005,1468,57191,351,729,223,31080,NA,13,42,132,172,29,1990,Brigham
NA,1224,1636,8,6496,106,554,42,47284,NA,19,437,48,551,35,1990,Saint-Édouard
NA,2639,1318,189,5870,195,554,146,53221,NA,NA,815,155,1473,8,1990,Saint-Michel
NA,1520,1763,13,13375,735,509,156,39546,NA,NA,1478,934,1445,17,1990,Sainte-Sabine
NA,1888,914,191,3612,31,73,12,6174,NA,2,108,126,64,NA,1990,Les Coteaux
NA,1639,1509,352,7303,NA,481,3,72601,NA,177,5,41,43,123,1990,Saint-Alexandre
NA,3509,1729,67,5071,NA,113,75,16306,NA,NA,762,118,49,46,1990,Saint-Zotique
NA,2387,1586,2358,6949,212,146,22,65262,NA,1,265,99,412,149,1990,Saint-Blaise-sur-Richelieu
NA,1425,642,397,3044,359,409,11,39674,NA,NA,15,45,150,6,1990,Saint-Étienne-de-Beauharnois
NA,1374,1773,4125,3238,932,240,82,40461,NA,374,190,292,654,184,1990,Sainte-Anne-de-Sabrevois
NA,2451,2036,554,11763,440,402,110,87480,NA,1,1148,592,1345,352,1990,Saint-Cyprien-de-Napierville
NA,1082,978,10,13656,NA,342,50,43072,NA,NA,132,50,18,2,1990,Saint-Urbain-Premier
NA,2170,1495,1369,9719,2389,724,289,65036,NA,4,1235,2229,1299,18,1990,Saint-Louis-de-Gonzague
NA,401,336,5,2962,NA,50,37,1636,NA,NA,NA,43,12,6,1990,East Farnham
NA,2252,1214,397,8236,13,236,48,8183,NA,NA,24,120,127,15,1990,Rivière-Beaudette
NA,9466,3446,1634,31211,601,272,197,6583,NA,NA,61,298,166,36,1990,Cowansville
NA,4285,5469,2026,157795,1177,750,355,44312,NA,21,275,677,396,193,1990,Dunham
NA,997,1999,24,32725,707,358,75,40191,NA,NA,32,110,130,75,1990,Saint-Ignace-de-Stanbridge
NA,1874,1987,644,9160,669,589,122,47498,NA,24,352,547,937,17,1990,Saint-Stanislas-de-Kostka
NA,1624,2148,2199,17425,433,698,225,83009,NA,1,466,698,476,3,1990,Très-Saint-Sacrement
NA,1050,1166,395,3739,NA,162,46,42130,NA,NA,10,14,67,91,1990,Notre-Dame-de-Stanbridge
NA,645,480,32,9228,269,49,68,2002,NA,NA,36,21,156,NA,1990,Brome
NA,2393,1626,484,42755,691,707,412,32579,NA,NA,755,631,4318,15,1990,Sainte-Clotilde
NA,2041,2098,65,24331,644,798,206,67475,NA,1,956,523,3663,149,1990,Saint-Patrice-de-Sherrington
NA,793,1095,113,5556,83,156,36,61955,NA,19,640,43,72,404,1990,Saint-Sébastien
NA,1608,594,151,105,NA,16,NA,2279,NA,NA,158,10,15,14,1990,Napierville
NA,442,170,47,16,NA,7,NA,395,NA,NA,NA,NA,NA,1,1990,Howick
NA,803,815,171,4619,839,84,9,35191,NA,47,368,206,450,125,1990,Saint-Valentin
NA,1205,1317,494,5658,668,332,59,32674,NA,1,317,954,1263,15,1990,Sainte-Barbe
NA,1323,1851,5463,7479,1616,182,273,56054,NA,24,898,339,1632,183,1990,Henryville
NA,1835,1502,8378,1683,651,212,146,24870,NA,NA,435,227,874,221,1990,Saint-Paul-de-l'Île-aux-Noix
NA,3976,3358,2827,61164,3744,1035,250,81571,NA,67,596,750,788,8,1990,Ormstown
NA,2360,2347,498,46715,739,944,287,54607,NA,NA,1057,761,984,4,1990,Saint-Chrysostome
NA,5169,4199,2083,47463,2865,915,272,82124,NA,28,973,852,4527,4,1990,Saint-Anicet
NA,3211,3594,755,51087,819,1406,185,90952,NA,3,201,552,1717,7,1990,Godmanchester
NA,7558,6484,1734,238334,353,470,241,18040,NA,NA,419,415,192,6,1990,Sutton
NA,791,1462,1154,3369,590,175,139,36857,NA,NA,380,73,1272,109,1990,Pike River
NA,843,1433,317,31254,NA,207,116,20630,NA,3,113,98,73,71,1990,Stanbridge East
NA,878,602,45,3045,NA,80,14,15058,NA,7,66,12,14,181,1990,Stanbridge Station
NA,3177,1580,316,13390,58,303,93,20577,NA,53,576,171,275,143,1990,Bedford
NA,4628,3486,247,121494,898,525,359,41628,NA,5,377,673,1334,135,1990,Hemmingford
NA,3759,2058,4667,7078,147,302,66,40637,NA,NA,71,88,165,218,1990,Lacolle
NA,3988,3668,275,50435,52,328,59,65682,NA,NA,18,436,439,756,1990,Saint-Bernard-de-Lacolle
NA,2697,3907,2543,82841,628,1453,236,71642,NA,363,216,263,155,7,1990,Hinchinbrooke
NA,5656,2728,690,77071,1683,479,236,34352,NA,25,491,524,983,5,1990,Franklin
NA,1497,609,49,23,NA,16,4,750,NA,NA,2,3,5,2,1990,Huntingdon
NA,2089,1073,8022,3145,1300,150,98,4478,NA,2,618,548,861,33,1990,Venise-en-Québec
NA,1672,2027,20294,21651,4590,374,348,33542,NA,21,2761,2020,830,163,1990,Saint-Georges-de-Clarenceville
NA,1562,1929,5947,8650,74,268,86,36530,NA,NA,77,39,143,130,1990,Noyan
NA,1970,1540,737,74780,293,290,135,18452,NA,2,55,362,170,16,1990,Havelock
NA,2122,3199,692,109023,113,314,224,21910,NA,2,128,200,104,20,1990,Frelighsburg
NA,1945,2831,790,42797,1558,367,168,40968,NA,1,509,250,454,117,1990,Saint-Armand
NA,1325,1769,3365,24282,4059,474,976,38603,NA,297,5383,6514,2712,NA,1990,Dundee
NA,1465,1713,737,37209,343,644,97,34365,NA,NA,220,100,59,1,1990,Elgin
NA,850,919,204,22406,63,159,77,5021,NA,NA,2,76,41,3,1990,Abercorn
NA,985,633,1219,7343,1142,112,160,1821,NA,83,533,261,4,4,1990,Akwesasne
NA,2269,593,4775,16253,2171,380,384,13283,NA,1,4884,1111,1276,9,2000,Sainte-Anne-de-Sorel
NA,2122,1748,6331,15519,7662,384,489,43959,NA,NA,2052,1360,3143,6,2000,Yamaska
NA,20495,7538,2653,19485,403,367,117,14017,NA,55,601,207,300,75,2000,Sorel-Tracy
NA,1125,252,73,NA,NA,1,NA,NA,NA,NA,2,NA,4,15,2000,Saint-Joseph-de-Sorel
NA,680,801,NA,5670,NA,39,NA,35274,NA,NA,1,1,NA,NA,2000,Saint-Gérard-Majella
NA,2077,1760,35,13371,59,195,36,54055,NA,NA,68,44,35,7,2000,Saint-Robert
NA,4094,1700,559,35244,38,170,38,42616,NA,1,186,67,91,3,2000,Sainte-Victoire-de-Sorel
NA,1250,2069,1147,16419,NA,150,12,82464,NA,NA,13,18,20,6,2000,Saint-David
NA,7079,3587,788,25566,489,388,241,26302,NA,NA,877,376,314,402,2000,Contrecoeur
NA,3362,1748,2185,15778,254,119,44,16389,NA,NA,199,35,40,8,2000,Saint-Roch-de-Richelieu
NA,1076,1524,1294,4076,NA,146,34,61061,NA,NA,33,15,31,NA,2000,Saint-Aimé
NA,2298,1639,2393,12759,NA,170,22,48826,NA,NA,81,36,32,5,2000,Saint-Ours
NA,578,167,27,17,NA,27,4,505,NA,NA,3,NA,NA,NA,2000,Massueville
NA,742,1034,352,8102,NA,57,5,46687,NA,NA,7,3,4,1,2000,Saint-Marcel-de-Richelieu
NA,951,1170,917,10989,NA,213,30,39439,NA,NA,59,10,13,1,2000,Saint-Louis
NA,722,1027,3,25502,NA,8,25,45702,NA,NA,175,13,26,3,2000,Saint-Bernard-de-Michaudville
NA,1423,1378,2441,9713,92,71,14,60166,NA,NA,32,24,13,17,2000,Saint-Antoine-sur-Richelieu
NA,1899,1220,107,35938,196,171,104,45837,NA,132,905,91,58,2,2000,Saint-Jude
NA,2094,1591,1443,20923,NA,157,16,69072,NA,29,16,9,6,4,2000,Saint-Hugues
NA,1740,2310,2331,16616,1422,100,17,71051,NA,NA,103,41,37,1,2000,Saint-Denis-sur-Richelieu
NA,4486,2623,560,19620,364,150,52,52152,NA,NA,132,58,71,21,2000,Verchères
NA,1049,940,794,3575,NA,90,9,57878,NA,29,13,4,1,3,2000,Saint-Barnabé-Sud
NA,2557,1869,39,15412,280,249,13,58682,NA,NA,120,91,121,1,2000,Sainte-Hélène-de-Bagot
NA,1488,1474,8,10389,510,176,33,50307,NA,36,141,129,151,7,2000,Saint-Nazaire-d'Acton
NA,519,770,83,7212,NA,28,3,27643,NA,NA,5,1,NA,1,2000,Calixa-Lavallée
NA,2148,2029,765,14316,53,133,8,57778,NA,180,87,17,20,2,2000,Saint-Simon
NA,1959,2522,6,25990,28,57,37,74101,NA,NA,243,67,24,9,2000,La Présentation
NA,11642,5432,940,11339,121,256,74,73804,NA,93,135,237,80,44,2000,Varennes
NA,1472,1591,2170,14371,1488,143,20,48547,NA,NA,32,55,26,15,2000,Saint-Marc-sur-Richelieu
NA,2098,2257,178,36297,350,285,64,50766,NA,22,110,165,93,6,2000,Saint-Théodore-d'Acton
NA,1418,1735,1873,21976,NA,102,8,46326,NA,NA,17,32,18,3,2000,Saint-Charles-sur-Richelieu
NA,24025,11860,2851,14448,89,396,58,157875,NA,42,758,77,387,56,2000,Saint-Hyacinthe
NA,1894,1930,1259,4994,NA,274,35,51031,NA,NA,35,49,64,5,2000,Upton
NA,3173,1710,391,10100,319,248,52,67114,NA,NA,144,110,188,8,2000,Saint-Liboire
NA,5209,2024,158,10698,13,99,62,22217,NA,59,31,63,351,5,2000,Saint-Amable
NA,1670,1805,184,61679,2116,220,162,33134,NA,3,226,582,239,7,2000,Sainte-Christine
NA,9213,3500,1110,48419,1111,376,98,36905,NA,NA,367,275,63,21,2000,Acton Vale
NA,21471,8187,936,4718,362,330,275,41475,NA,1,1105,252,508,147,2000,Boucherville
NA,3479,1321,164,16383,433,143,45,56127,NA,NA,322,137,524,37,2000,Saint-Dominique
NA,3715,1470,4,7946,NA,7,2,30000,NA,57,1,13,19,11,2000,Saint-Mathieu-de-Beloeil
NA,10640,4647,457,7032,89,117,44,30837,NA,22,60,80,178,37,2000,Sainte-Julie
NA,6706,3464,877,174,NA,38,NA,16814,NA,NA,1,NA,1,3,2000,Beloeil
NA,2869,1871,8,3509,NA,33,NA,46839,NA,NA,NA,4,NA,8,2000,Sainte-Marie-Madeleine
NA,10426,3848,1956,19722,NA,181,6,14614,NA,NA,10,20,20,24,2000,Mont-Saint-Hilaire
NA,2871,2702,721,38562,849,413,32,73073,NA,1,56,63,62,5,2000,Saint-Valérien-de-Milton
NA,1058,525,20,90,NA,18,1,4173,NA,NA,NA,NA,7,1,2000,Sainte-Madeleine
NA,3030,2848,1133,108545,307,369,74,49484,NA,24,217,154,39,1,2000,Roxton
NA,61215,25229,428,16526,155,270,189,24481,NA,NA,107,101,27,27,2000,Longueuil
NA,1484,645,112,1714,NA,33,4,1641,NA,NA,1,23,7,3,2000,Roxton Falls
NA,5554,3158,2110,14610,383,410,56,92378,NA,3,522,247,719,29,2000,Saint-Pie
NA,5678,2578,1039,2312,NA,70,25,28678,NA,NA,301,29,20,38,2000,Saint-Basile-le-Grand
NA,4652,1895,118,11058,NA,101,16,62494,NA,316,23,14,11,19,2000,Saint-Jean-Baptiste
NA,13319,5021,965,13324,18,112,59,15246,NA,NA,25,18,7,52,2000,Saint-Bruno-de-Montarville
NA,814,1122,431,29211,874,129,86,19234,NA,1,225,273,110,1,2000,Béthanie
NA,1988,1772,1165,9826,NA,132,14,75360,NA,NA,9,8,9,18,2000,Saint-Damase
NA,749,562,272,3479,63,75,30,3734,NA,1,23,69,47,6,2000,Pointe-Fortune
NA,1580,698,288,233,NA,13,NA,892,NA,NA,NA,2,NA,10,2000,McMasterville
NA,3039,1444,360,136,NA,43,NA,1272,NA,NA,2,3,1,5,2000,Otterburn Park
NA,5156,3489,5717,69013,1041,276,82,29296,NA,22,131,212,98,17,2000,Roxton Pond
NA,2954,2166,591,29508,674,345,73,43621,NA,26,524,218,210,6,2000,Sainte-Cécile-de-Milton
NA,2194,1663,3491,6885,17,165,4,41268,NA,NA,22,21,38,7,2000,Saint-Mathias-sur-Richelieu
NA,6539,5481,2191,39482,1999,335,167,54116,NA,NA,401,217,110,28,2000,Rigaud
NA,5359,2655,348,NA,NA,2,NA,NA,NA,NA,3,1,NA,2,2000,Saint-Lambert
NA,6284,3343,2965,13525,536,311,96,44905,NA,NA,112,76,70,59,2000,Carignan
NA,2494,3069,2545,109501,548,182,169,23822,NA,2,297,324,150,5,2000,Saint-Joachim-de-Shefford
NA,2927,1115,152,15415,NA,312,1,28971,NA,74,3,10,6,12,2000,Rougemont
NA,4247,3554,133,2906,NA,25,1,58537,NA,NA,2,9,3,68,2000,Marieville
NA,19516,9026,510,7134,1369,118,82,11663,NA,127,186,528,184,74,2000,Brossard
NA,6163,1883,763,9813,139,167,87,5161,NA,NA,102,87,55,14,2000,Hudson
NA,4968,2893,1859,4457,NA,352,14,78632,NA,NA,24,30,34,29,2000,Saint-Césaire
NA,5524,1928,375,38813,NA,411,34,41852,NA,111,27,60,36,14,2000,Saint-Paul-d'Abbotsford
NA,12973,6798,724,19317,189,340,106,39593,NA,29,239,226,165,40,2000,Vaudreuil-Dorion
NA,7717,3735,2517,4413,NA,75,NA,11622,NA,NA,8,9,8,26,2000,Chambly
NA,36869,14770,2861,61785,1356,676,312,50961,NA,104,832,1166,595,53,2000,Granby
NA,815,712,18,11289,44,86,22,16145,NA,NA,NA,12,5,NA,2000,Très-Saint-Rédempteur
NA,2527,1961,1758,2759,NA,107,16,27196,NA,NA,11,28,9,17,2000,Richelieu
NA,12713,5226,380,37505,507,264,101,17420,NA,4,195,492,164,38,2000,Saint-Lazare
NA,1336,1665,140,22522,221,85,66,62265,NA,NA,61,141,61,8,2000,Sainte-Marthe
NA,1348,1605,54,5480,NA,88,2,41322,NA,NA,8,13,7,9,2000,Sainte-Angèle-de-Monnoir
NA,9658,3938,544,12440,578,149,101,20156,NA,67,303,264,165,39,2000,La Prairie
NA,47,42,81,324,15,5,3,NA,NA,NA,23,9,2,NA,2000,L'Île-Cadieux
NA,411,226,11,447,NA,13,5,340,NA,NA,9,5,1,NA,2000,Vaudreuil-sur-le-Lac
NA,8477,6310,1147,95974,277,321,174,18686,NA,1,204,400,126,12,2000,Shefford
NA,2039,2041,463,22408,667,147,81,66009,NA,NA,3,104,102,36,2000,Sainte-Justine-de-Newton
NA,9389,2273,2038,33033,1149,195,425,4997,NA,2,534,605,945,73,2000,Kahnawake
NA,39987,19450,7748,19098,349,603,127,170775,NA,NA,178,342,500,222,2000,Saint-Jean-sur-Richelieu
NA,6484,2202,450,491,NA,30,10,322,NA,NA,60,19,15,49,2000,Sainte-Catherine
NA,5044,1237,64,455,NA,60,3,721,NA,NA,1,6,14,62,2000,Delson
NA,5219,2069,775,8602,19,192,40,14311,NA,2,109,132,49,35,2000,Notre-Dame-de-l'Île-Perrot
NA,6983,2962,167,2807,NA,102,11,6535,NA,NA,9,16,39,19,2000,Candiac
NA,2629,1364,81,1519,NA,42,16,14,NA,NA,43,58,10,NA,2000,L'Île-Perrot
NA,14606,7156,1562,4626,430,270,245,10282,NA,99,403,301,1394,20,2000,Châteauguay
NA,734,314,16,155,NA,NA,NA,NA,NA,NA,NA,NA,NA,NA,2000,Terrasse-Vaudreuil
NA,9316,4647,53,2779,NA,148,16,46931,NA,74,28,45,42,24,2000,Saint-Constant
NA,4200,2311,401,21568,371,380,122,67990,NA,27,935,460,1233,24,2000,Ange-Gardien
NA,3556,2281,10,2894,NA,229,20,59958,NA,NA,2,32,38,39,2000,Saint-Philippe
NA,3053,2044,190,17913,NA,258,18,66618,NA,19,78,99,31,34,2000,Mont-Saint-Grégoire
NA,3548,1608,419,2651,NA,7,NA,55,NA,NA,3,1,NA,NA,2000,Pincourt
NA,1544,890,1,3108,NA,13,2,37835,NA,1,29,17,100,1,2000,Saint-Clet
NA,333,207,1,3771,13,18,6,1743,NA,NA,14,6,2,NA,2000,Warden
NA,2026,2144,94,7412,41,175,13,65401,NA,30,713,187,130,4,2000,Sainte-Brigide-d'Iberville
NA,6977,3462,1256,15005,51,254,89,58225,NA,216,235,64,71,24,2000,Les Cèdres
NA,3719,721,676,3521,177,62,113,2463,NA,2,173,106,332,6,2000,Léry
NA,3986,2935,344,14341,23,255,84,33668,NA,33,7,17,4,12,2000,Saint-Alphonse-de-Granby
NA,3379,1263,1549,6856,13,54,32,1630,NA,NA,64,92,30,3,2000,Waterloo
NA,3629,1927,944,2930,NA,120,6,68941,NA,76,NA,10,14,NA,2000,Saint-Polycarpe
NA,6281,2960,819,8433,25,124,54,32120,NA,1,72,84,50,22,2000,Coteau-du-Lac
NA,13143,5864,1829,76544,349,530,209,29942,NA,NA,67,134,502,60,2000,Bromont
NA,2016,1446,100,2311,34,81,33,49673,NA,NA,285,46,1797,45,2000,Saint-Isidore
NA,1903,1066,1,1251,17,86,10,30341,NA,NA,45,18,14,2,2000,Saint-Mathieu
NA,4999,2350,919,2693,NA,109,68,40606,NA,NA,17,57,39,13,2000,Mercier
NA,8892,3862,2239,36646,471,456,159,48514,NA,204,1644,816,282,47,2000,Farnham
NA,9355,3043,3014,6886,533,297,219,50454,NA,1,577,950,396,6,2000,Beauharnois
NA,1133,274,359,404,NA,34,21,227,NA,NA,50,18,64,4,2000,Pointe-des-Cascades
NA,2424,1547,421,9435,63,102,24,53070,NA,53,39,16,7,NA,2000,Saint-Télesphore
NA,2350,2046,343,4841,5,190,31,64893,NA,NA,41,42,41,157,2000,Saint-Jacques-le-Mineur
NA,3683,2199,234,11644,NA,282,123,66060,NA,NA,593,345,2373,16,2000,Saint-Rémi
NA,2220,2159,1821,4470,NA,83,32,60938,NA,NA,25,26,34,9,2000,Sainte-Martine
NA,23844,8751,2905,15577,13,508,239,65667,NA,137,424,1196,110,95,2000,Salaberry-de-Valleyfield
NA,4607,2757,1103,96036,170,90,200,8303,NA,NA,159,293,42,NA,2000,Bolton-Ouest
NA,15619,7972,18237,173042,3078,595,756,24289,NA,NA,598,1077,1611,13,2000,Lac-Brome
NA,4727,3063,1468,54377,351,424,192,33055,NA,13,41,127,105,27,2000,Brigham
NA,1319,1639,8,5648,106,218,42,48381,NA,19,437,47,541,35,2000,Saint-Édouard
NA,2767,1338,189,5142,195,293,146,54064,NA,NA,815,160,1466,8,2000,Saint-Michel
NA,1769,1768,13,12523,735,265,156,40422,NA,NA,1471,948,1404,17,2000,Sainte-Sabine
NA,2526,982,191,3204,29,39,13,5969,NA,2,98,97,45,NA,2000,Les Coteaux
NA,1728,1510,352,7029,NA,183,2,73098,NA,177,2,47,26,123,2000,Saint-Alexandre
NA,4075,1752,67,4695,NA,63,62,16224,NA,NA,757,94,10,46,2000,Saint-Zotique
NA,2747,1607,2358,6923,212,135,18,64982,NA,1,253,93,370,149,2000,Saint-Blaise-sur-Richelieu
NA,1937,642,397,2825,74,54,17,40138,NA,NA,13,35,39,6,2000,Saint-Étienne-de-Beauharnois
NA,1588,1785,4125,3114,932,206,74,40436,NA,374,190,331,581,183,2000,Sainte-Anne-de-Sabrevois
NA,2627,2037,554,11703,440,354,108,87420,NA,1,1148,660,1271,351,2000,Saint-Cyprien-de-Napierville
NA,1142,982,10,12957,NA,49,50,44000,NA,NA,132,66,2,2,2000,Saint-Urbain-Premier
NA,3042,1496,1369,8948,2289,415,272,65509,NA,3,1221,2224,1170,18,2000,Saint-Louis-de-Gonzague
NA,561,341,5,2737,NA,65,33,1716,NA,NA,NA,22,3,5,2000,East Farnham
NA,2958,1232,397,7819,13,120,33,8157,NA,NA,23,50,48,15,2000,Rivière-Beaudette
NA,11119,3510,1634,29758,599,238,119,6672,NA,NA,60,171,57,34,2000,Cowansville
NA,6776,5515,2026,155144,1168,638,319,44863,NA,20,273,636,161,192,2000,Dunham
NA,1364,2005,24,31795,707,140,73,40996,NA,NA,32,113,99,75,2000,Saint-Ignace-de-Stanbridge
NA,2424,1998,644,8277,630,245,136,48233,NA,24,329,584,879,17,2000,Saint-Stanislas-de-Kostka
NA,1651,2149,2199,16743,433,288,225,84074,NA,1,466,727,446,3,2000,Très-Saint-Sacrement
NA,1071,1166,395,3704,NA,150,45,42162,NA,NA,10,12,64,91,2000,Notre-Dame-de-Stanbridge
NA,666,480,32,9055,269,34,68,2172,NA,NA,35,99,76,NA,2000,Brome
NA,3208,1648,484,40914,691,504,404,34157,NA,NA,754,721,3868,13,2000,Sainte-Clotilde
NA,2152,2110,65,22946,644,372,203,69188,NA,1,956,621,3543,149,2000,Saint-Patrice-de-Sherrington
NA,811,1096,113,5494,83,159,36,61995,NA,19,640,44,71,404,2000,Saint-Sébastien
NA,1769,596,151,62,NA,23,NA,2164,NA,NA,158,6,9,12,2000,Napierville
NA,450,170,47,16,NA,4,NA,390,NA,NA,NA,NA,NA,1,2000,Howick
NA,805,815,171,4609,839,82,9,35201,NA,47,368,231,425,125,2000,Saint-Valentin
NA,1781,1328,494,5307,668,155,54,32654,NA,1,317,992,1191,15,2000,Sainte-Barbe
NA,1435,1853,5463,7335,1604,207,282,56081,NA,24,894,352,1604,183,2000,Henryville
NA,2172,1519,8378,1630,651,221,142,24606,NA,NA,430,265,798,222,2000,Saint-Paul-de-l'Île-aux-Noix
NA,4099,3364,2827,59409,3744,458,253,83781,NA,67,596,866,662,8,2000,Ormstown
NA,2552,2369,498,44585,739,267,284,57220,NA,NA,1057,865,863,4,2000,Saint-Chrysostome
NA,5765,4222,2083,45845,2819,655,280,83578,NA,28,966,912,4317,4,2000,Saint-Anicet
NA,3489,3600,755,48185,819,565,182,94473,NA,3,201,673,1537,7,2000,Godmanchester
NA,9012,6518,1734,236917,351,434,223,18163,NA,NA,419,432,37,6,2000,Sutton
NA,856,1464,1154,3339,590,144,141,36864,NA,NA,374,69,1267,109,2000,Pike River
NA,1188,1439,317,31063,NA,163,112,20547,NA,3,113,95,49,69,2000,Stanbridge East
NA,1019,604,45,2977,NA,75,13,14987,NA,6,65,15,11,185,2000,Stanbridge Station
NA,3581,1588,316,13266,58,274,89,20426,NA,53,572,158,190,141,2000,Bedford
NA,5027,3492,247,119801,885,475,357,43159,NA,4,377,868,963,134,2000,Hemmingford
NA,3908,2058,4667,6805,147,288,61,40793,NA,NA,70,133,108,218,2000,Lacolle
NA,4406,3678,275,50108,52,304,56,65662,NA,NA,18,588,233,756,2000,Saint-Bernard-de-Lacolle
NA,2938,3923,2543,80300,615,615,229,74813,NA,363,215,297,93,7,2000,Hinchinbrooke
NA,5723,2733,690,75024,1683,299,235,36518,NA,25,491,694,803,5,2000,Franklin
NA,1645,610,49,23,NA,2,4,622,NA,NA,2,NA,1,2,2000,Huntingdon
NA,2296,1082,8022,3078,1292,102,97,4430,NA,NA,618,547,821,32,2000,Venise-en-Québec
NA,2003,2046,20294,21392,4590,330,347,33512,NA,21,2761,2030,803,164,2000,Saint-Georges-de-Clarenceville
NA,1821,1944,5947,8408,45,207,101,36611,NA,NA,75,47,100,129,2000,Noyan
NA,2045,1542,737,73902,293,205,134,19362,NA,2,55,492,17,16,2000,Havelock
NA,3179,3225,692,108078,113,228,202,21977,NA,2,128,170,37,20,2000,Frelighsburg
NA,2259,2839,790,42036,1557,343,165,41463,NA,1,509,308,367,118,2000,Saint-Armand
NA,1591,1775,3365,21292,4019,448,994,41411,NA,297,5373,6523,2671,NA,2000,Dundee
NA,1568,1713,737,36242,343,272,90,35609,NA,NA,219,137,22,1,2000,Elgin
NA,1300,923,204,22123,62,94,55,4970,NA,NA,2,63,22,3,2000,Abercorn
NA,988,633,1219,7340,1141,111,160,1824,NA,83,533,260,4,4,2000,Akwesasne
NA,2422,609,4775,16222,2171,387,384,13151,NA,1,4876,1107,1275,9,2010,Sainte-Anne-de-Sorel
NA,2445,1912,6331,15432,7662,381,489,43584,NA,NA,2043,1358,3133,5,2010,Yamaska
NA,22324,7890,2653,18336,403,210,112,13206,NA,55,581,200,294,49,2010,Sorel-Tracy
NA,1131,253,73,NA,NA,NA,NA,NA,NA,NA,NA,NA,1,14,2010,Saint-Joseph-de-Sorel
NA,805,843,NA,5658,NA,39,NA,35119,NA,NA,1,1,NA,NA,2010,Saint-Gérard-Majella
NA,2214,1842,35,13294,59,190,36,53919,NA,NA,68,43,35,7,2010,Saint-Robert
NA,4489,1862,559,35118,38,157,38,42200,NA,1,185,67,91,2,2010,Sainte-Victoire-de-Sorel
NA,1334,2083,1147,16335,NA,148,12,82452,NA,NA,13,18,20,6,2010,Saint-David
NA,8380,4016,788,24546,487,370,237,25810,NA,NA,838,353,300,284,2010,Contrecoeur
NA,3713,1838,2185,15516,254,114,44,16217,NA,NA,198,35,40,7,2010,Saint-Roch-de-Richelieu
NA,1093,1538,1294,4061,NA,146,34,61047,NA,NA,31,15,31,NA,2010,Saint-Aimé
NA,2523,1681,2393,12733,NA,169,20,48589,NA,NA,81,36,31,5,2010,Saint-Ours
NA,660,200,27,17,NA,16,4,401,NA,NA,3,NA,NA,NA,2010,Massueville
NA,815,1045,352,8093,NA,57,5,46612,NA,NA,7,3,4,1,2010,Saint-Marcel-de-Richelieu
NA,1138,1243,917,10943,NA,200,30,39242,NA,NA,59,8,11,1,2010,Saint-Louis
NA,756,1059,3,25467,NA,8,25,45671,NA,NA,175,13,26,3,2010,Saint-Bernard-de-Michaudville
NA,1641,1431,2441,9700,92,70,14,59910,NA,NA,32,24,12,17,2010,Saint-Antoine-sur-Richelieu
NA,1944,1286,107,35860,196,169,104,45811,NA,132,900,91,58,2,2010,Saint-Jude
NA,2427,1681,1443,20858,NA,158,16,68714,NA,29,16,8,6,4,2010,Saint-Hugues
NA,1970,2391,2331,16596,1422,99,17,70762,NA,NA,103,40,37,1,2010,Saint-Denis-sur-Richelieu
NA,4952,2754,560,19585,357,150,52,51599,NA,NA,132,57,70,21,2010,Verchères
NA,1077,954,794,3567,NA,90,9,57844,NA,29,13,4,1,3,2010,Saint-Barnabé-Sud
NA,2953,1959,39,15329,280,245,13,58283,NA,NA,120,91,121,1,2010,Sainte-Hélène-de-Bagot
NA,1592,1506,8,10325,510,176,33,50237,NA,36,141,127,151,7,2010,Saint-Nazaire-d'Acton
NA,549,784,83,7201,NA,28,3,27610,NA,NA,5,1,NA,1,2010,Calixa-Lavallée
NA,2339,2077,765,14301,53,132,8,57558,NA,180,84,17,20,2,2010,Saint-Simon
NA,2180,2627,6,25838,28,57,37,73932,NA,NA,241,66,23,8,2010,La Présentation
NA,12861,5640,940,11319,121,238,74,72428,NA,93,133,236,80,34,2010,Varennes
NA,1699,1824,2170,14299,1487,141,18,48171,NA,NA,32,53,25,11,2010,Saint-Marc-sur-Richelieu
NA,2339,2349,178,36100,350,286,66,50637,NA,22,109,156,93,6,2010,Saint-Théodore-d'Acton
NA,1496,1756,1873,21953,NA,101,8,46253,NA,NA,17,31,17,3,2010,Saint-Charles-sur-Richelieu
NA,27011,12579,2851,14187,89,380,57,154455,NA,42,757,75,387,52,2010,Saint-Hyacinthe
NA,2318,2030,1259,4792,NA,297,35,50693,NA,NA,35,49,58,4,2010,Upton
NA,3456,1768,391,9998,319,241,51,66897,NA,NA,143,101,186,6,2010,Saint-Liboire
NA,6322,2312,158,10502,13,90,62,21033,NA,59,31,61,343,3,2010,Saint-Amable
NA,1679,2009,184,61482,2098,217,170,33146,NA,3,226,579,227,7,2010,Sainte-Christine
NA,10285,3751,1110,48055,1111,307,91,36065,NA,NA,350,260,55,18,2010,Acton Vale
NA,25102,9371,936,3884,362,333,271,37625,NA,1,1037,246,491,108,2010,Boucherville
NA,3698,1339,164,16351,433,143,46,55930,NA,NA,322,136,524,29,2010,Saint-Dominique
NA,4272,1518,4,7945,NA,6,2,29401,NA,57,1,9,19,11,2010,Saint-Mathieu-de-Beloeil
NA,12560,4969,457,6963,89,109,44,28674,NA,22,58,82,176,37,2010,Sainte-Julie
NA,8027,3908,877,171,NA,35,NA,15056,NA,NA,NA,NA,1,3,2010,Beloeil
NA,3246,1939,8,3250,NA,32,NA,46654,NA,NA,NA,4,NA,8,2010,Sainte-Marie-Madeleine
NA,12006,4252,1956,18886,NA,147,5,13510,NA,NA,10,16,20,19,2010,Mont-Saint-Hilaire
NA,3114,2870,721,38478,849,411,32,72749,NA,1,56,63,62,4,2010,Saint-Valérien-de-Milton
NA,1155,548,20,89,NA,18,1,4054,NA,NA,NA,NA,7,1,2010,Sainte-Madeleine
NA,3141,3048,1133,108354,307,367,75,49367,NA,24,217,153,38,1,2010,Roxton
NA,64715,25774,428,14901,155,183,181,22200,NA,NA,106,81,23,8,2010,Longueuil
NA,1700,657,112,1661,NA,16,5,1493,NA,NA,1,15,5,2,2010,Roxton Falls
NA,6342,3252,2110,14439,383,415,56,91671,NA,3,521,246,715,26,2010,Saint-Pie
NA,6949,2806,1039,2252,NA,78,25,27242,NA,NA,301,21,20,35,2010,Saint-Basile-le-Grand
NA,4904,2003,118,10999,NA,101,16,62198,NA,316,20,14,11,17,2010,Saint-Jean-Baptiste
NA,15499,5320,965,12588,18,75,52,13596,NA,NA,21,17,4,11,2010,Saint-Bruno-de-Montarville
NA,825,1182,431,29072,874,128,86,19307,NA,1,225,269,110,1,2010,Béthanie
NA,2061,1861,1165,9815,NA,129,14,75214,NA,NA,8,8,9,17,2010,Saint-Damase
NA,977,641,272,3270,63,54,29,3675,NA,1,22,60,44,2,2010,Pointe-Fortune
NA,2042,823,288,208,NA,11,NA,335,NA,NA,NA,2,NA,7,2010,McMasterville
NA,3278,1474,360,43,NA,11,NA,1133,NA,NA,2,3,1,NA,2010,Otterburn Park
NA,5715,3708,5717,68305,1041,273,85,29236,NA,22,131,206,97,14,2010,Roxton Pond
NA,3382,2368,591,29269,674,335,73,43243,NA,26,524,215,210,6,2010,Sainte-Cécile-de-Milton
NA,2612,1720,3491,6868,17,161,4,40815,NA,NA,22,21,38,6,2010,Saint-Mathias-sur-Richelieu
NA,9867,5889,2191,37288,1989,287,176,52664,NA,NA,391,206,104,14,2010,Rigaud
NA,5360,2655,348,NA,NA,1,NA,NA,NA,NA,3,1,NA,2,2010,Saint-Lambert
NA,8104,3626,2965,12612,536,274,93,43829,NA,NA,87,50,58,48,2010,Carignan
NA,2679,3444,2545,108808,548,192,171,23948,NA,2,297,321,150,3,2010,Saint-Joachim-de-Shefford
NA,3069,1172,152,15239,NA,304,1,28958,NA,74,3,10,6,10,2010,Rougemont
NA,5367,3933,133,2828,NA,25,1,57122,NA,NA,2,9,3,62,2010,Marieville
NA,22821,10053,510,6945,1369,92,82,7612,NA,127,171,523,181,31,2010,Brossard
NA,8146,2270,763,7826,134,131,66,4910,NA,NA,72,60,47,9,2010,Hudson
NA,5545,3011,1859,4424,NA,342,14,77983,NA,NA,24,29,34,27,2010,Saint-Césaire
NA,5698,2111,375,38537,NA,399,34,41784,NA,111,27,60,35,14,2010,Saint-Paul-d'Abbotsford
NA,19153,8628,724,18040,189,329,103,33000,NA,28,182,201,134,28,2010,Vaudreuil-Dorion
NA,9598,4405,2517,4021,NA,63,NA,9486,NA,NA,7,5,5,23,2010,Chambly
NA,42631,16212,2861,57582,1356,565,311,48204,NA,104,803,1113,580,18,2010,Granby
NA,1201,779,18,10913,44,42,22,16112,NA,NA,NA,12,5,NA,2010,Très-Saint-Rédempteur
NA,2892,2032,1758,2739,NA,99,16,26796,NA,NA,11,22,9,15,2010,Richelieu
NA,18737,6371,380,31833,471,164,92,16178,NA,3,181,442,125,32,2010,Saint-Lazare
NA,1410,1774,140,22390,221,85,66,62215,NA,NA,60,141,61,8,2010,Sainte-Marthe
NA,1490,1660,54,5466,NA,88,2,41146,NA,NA,6,9,6,9,2010,Sainte-Angèle-de-Monnoir
NA,10789,4328,544,11625,564,127,87,19723,NA,67,174,247,95,32,2010,La Prairie
NA,47,42,81,324,15,5,3,NA,NA,NA,23,9,2,NA,2010,L'Île-Cadieux
NA,726,305,11,238,NA,10,5,164,NA,NA,5,4,NA,NA,2010,Vaudreuil-sur-le-Lac
NA,14247,7172,1147,89971,277,234,173,18195,NA,1,198,366,118,10,2010,Shefford
NA,2095,2153,463,22336,667,147,82,65913,NA,NA,3,103,102,36,2010,Sainte-Justine-de-Newton
NA,10114,2564,2038,32250,1148,166,432,4811,NA,2,528,598,937,70,2010,Kahnawake
NA,46446,20627,7748,17865,303,500,110,164786,NA,NA,137,275,446,136,2010,Saint-Jean-sur-Richelieu
NA,6613,2218,450,486,NA,11,9,216,NA,NA,58,17,13,41,2010,Sainte-Catherine
NA,5306,1261,64,329,NA,53,NA,613,NA,NA,1,5,6,29,2010,Delson
NA,6592,2352,775,7696,19,176,30,13637,NA,NA,97,120,38,22,2010,Notre-Dame-de-l'Île-Perrot
NA,9135,3912,167,1453,NA,60,9,4881,NA,NA,6,7,15,5,2010,Candiac
NA,3098,1469,81,1033,NA,5,16,NA,NA,NA,36,31,7,NA,2010,L'Île-Perrot
NA,15999,7476,1562,4256,430,184,227,9154,NA,99,368,270,1356,13,2010,Châteauguay
NA,772,317,16,114,NA,NA,NA,NA,NA,NA,NA,NA,NA,NA,2010,Terrasse-Vaudreuil
NA,10450,5553,53,2589,NA,137,16,45166,NA,11,23,41,42,22,2010,Saint-Constant
NA,4580,2413,401,21436,371,378,121,67644,NA,27,935,459,1233,24,2010,Ange-Gardien
NA,4369,2485,10,2852,NA,215,20,59003,NA,NA,2,32,33,38,2010,Saint-Philippe
NA,3684,2141,190,17858,NA,252,18,65951,NA,19,78,99,31,34,2010,Mont-Saint-Grégoire
NA,4773,1960,419,1107,NA,12,NA,18,NA,NA,2,1,NA,NA,2010,Pincourt
NA,1820,911,1,3094,NA,13,NA,37556,NA,1,28,17,99,1,2010,Saint-Clet
NA,357,241,1,3730,13,17,6,1727,NA,NA,14,6,2,NA,2010,Warden
NA,2366,2191,94,7370,41,178,13,65068,NA,30,706,184,128,1,2010,Sainte-Brigide-d'Iberville
NA,8282,3814,1256,14612,51,261,88,56964,NA,216,234,58,71,22,2010,Les Cèdres
NA,3759,735,676,3478,169,65,117,2462,NA,2,165,105,332,6,2010,Léry
NA,6014,3264,344,12315,23,168,72,33451,NA,33,6,9,3,7,2010,Saint-Alphonse-de-Granby
NA,3664,1312,1549,6611,13,51,32,1550,NA,NA,59,93,29,2,2010,Waterloo
NA,4206,2011,944,2905,NA,121,6,68305,NA,76,NA,10,13,NA,2010,Saint-Polycarpe
NA,7512,3169,819,8182,25,79,51,31025,NA,1,47,70,43,22,2010,Coteau-du-Lac
NA,17698,7021,1829,72036,322,439,174,28929,NA,NA,58,120,492,55,2010,Bromont
NA,2176,1589,100,2303,34,81,33,49415,NA,NA,283,45,1797,11,2010,Saint-Isidore
NA,2196,1086,1,1246,17,82,10,30040,NA,NA,45,17,12,2,2010,Saint-Mathieu
NA,6270,2643,919,2462,NA,123,68,39265,NA,NA,16,56,38,10,2010,Mercier
NA,10532,4184,2239,35558,471,432,158,47702,NA,204,1643,803,279,27,2010,Farnham
NA,10492,3147,3014,6537,452,296,208,49831,NA,NA,509,888,351,6,2010,Beauharnois
NA,1264,300,359,329,NA,33,19,169,NA,NA,44,11,56,4,2010,Pointe-des-Cascades
NA,2658,1585,421,9355,63,103,24,52877,NA,53,39,16,7,NA,2010,Saint-Télesphore
NA,2576,2088,343,4823,5,190,31,64650,NA,NA,41,42,41,150,2010,Saint-Jacques-le-Mineur
NA,4472,2426,234,11562,NA,282,122,65141,NA,NA,583,345,2369,16,2010,Saint-Rémi
NA,3063,2339,1821,4458,NA,82,29,59935,NA,NA,25,25,34,6,2010,Sainte-Martine
NA,25944,9011,2905,15341,13,477,231,63712,NA,114,409,1166,82,61,2010,Salaberry-de-Valleyfield
NA,5272,3176,1103,94962,170,100,202,8284,NA,NA,159,290,42,NA,2010,Bolton-Ouest
NA,18017,8780,18237,170242,3074,515,747,24036,NA,NA,574,1052,1602,11,2010,Lac-Brome
NA,5863,3342,1468,53509,351,395,185,32582,NA,13,37,112,92,21,2010,Brigham
NA,1539,1722,8,5571,106,217,42,48159,NA,19,436,46,541,34,2010,Saint-Édouard
NA,3059,1444,189,4940,195,282,146,53884,NA,NA,814,159,1463,8,2010,Saint-Michel
NA,2182,1860,13,12222,735,229,155,40269,NA,NA,1466,941,1403,16,2010,Sainte-Sabine
NA,3098,1121,191,2871,29,40,15,5595,NA,2,94,95,44,NA,2010,Les Coteaux
NA,1927,1627,352,6962,NA,176,2,72860,NA,177,2,47,26,119,2010,Saint-Alexandre
NA,5066,2036,67,4095,NA,75,62,15576,NA,NA,733,83,8,44,2010,Saint-Zotique
NA,3343,1737,2358,6797,174,126,17,64500,NA,1,238,81,338,138,2010,Saint-Blaise-sur-Richelieu
NA,2080,680,397,2823,74,54,17,39961,NA,NA,12,35,39,5,2010,Saint-Étienne-de-Beauharnois
NA,2733,2013,4125,2954,790,178,89,39546,NA,374,136,285,527,169,2010,Sainte-Anne-de-Sabrevois
NA,2959,2220,554,11661,440,342,108,86975,NA,1,1148,660,1268,338,2010,Saint-Cyprien-de-Napierville
NA,1502,1023,10,12923,NA,49,50,43634,NA,NA,132,66,1,2,2010,Saint-Urbain-Premier
NA,3287,1511,1369,8932,2289,394,272,65307,NA,3,1207,2222,1167,16,2010,Saint-Louis-de-Gonzague
NA,600,364,5,2682,NA,50,36,1726,NA,NA,NA,17,3,5,2010,East Farnham
NA,3789,1329,397,7497,13,86,33,7609,NA,NA,16,43,42,11,2010,Rivière-Beaudette
NA,12117,3842,1634,28825,599,204,116,6344,NA,NA,57,153,51,29,2010,Cowansville
NA,7796,5919,2026,154026,1168,603,330,44633,NA,20,271,598,156,185,2010,Dunham
NA,1400,2044,24,31645,707,140,73,41073,NA,NA,32,113,99,73,2010,Saint-Ignace-de-Stanbridge
NA,3108,2143,644,7927,629,224,140,47797,NA,24,322,571,878,13,2010,Saint-Stanislas-de-Kostka
NA,1725,2215,2199,16706,433,286,225,83974,NA,1,466,727,445,3,2010,Très-Saint-Sacrement
NA,1223,1199,395,3694,NA,149,45,41992,NA,NA,10,12,63,88,2010,Notre-Dame-de-Stanbridge
NA,761,530,32,8923,269,39,67,2157,NA,NA,35,98,75,NA,2010,Brome
NA,3427,1752,484,40522,691,488,403,34273,NA,NA,744,709,3860,13,2010,Sainte-Clotilde
NA,2363,2258,65,22761,633,372,202,69039,NA,1,951,618,3539,148,2010,Saint-Patrice-de-Sherrington
NA,908,1110,113,5484,83,159,36,61894,NA,19,640,44,71,404,2010,Saint-Sébastien
NA,2165,686,151,15,NA,13,NA,1836,NA,NA,71,5,3,5,2010,Napierville
NA,518,201,47,16,NA,4,NA,291,NA,NA,NA,NA,NA,1,2010,Howick
NA,829,844,171,4606,839,82,9,35151,NA,47,368,231,425,125,2010,Saint-Valentin
NA,2115,1390,494,5129,659,135,52,32497,NA,1,311,973,1187,14,2010,Sainte-Barbe
NA,1667,1949,5463,7315,1604,205,282,55804,NA,24,884,351,1593,176,2010,Henryville
NA,2613,1581,8378,1570,651,201,135,24241,NA,NA,424,256,780,204,2010,Saint-Paul-de-l'Île-aux-Noix
NA,4476,3492,2827,59209,3745,473,249,83476,NA,67,595,859,660,6,2010,Ormstown
NA,2905,2498,498,44220,740,284,285,57100,NA,NA,1053,857,861,2,2010,Saint-Chrysostome
NA,7528,4395,2083,45056,2808,626,259,82632,NA,28,955,875,4226,3,2010,Saint-Anicet
NA,3626,3754,755,48040,819,562,183,94335,NA,3,200,670,1535,7,2010,Godmanchester
NA,11031,7617,1734,234277,351,409,229,17749,NA,NA,414,397,32,6,2010,Sutton
NA,1003,1524,1154,3301,590,147,141,36700,NA,NA,373,68,1266,104,2010,Pike River
NA,1346,1494,317,30995,NA,158,113,20415,NA,3,113,91,48,65,2010,Stanbridge East
NA,1145,627,45,2908,NA,73,13,14926,NA,6,65,15,11,168,2010,Stanbridge Station
NA,3874,1688,316,13097,58,266,89,20217,NA,53,570,157,189,138,2010,Bedford
NA,5329,3659,247,119208,885,480,364,43294,NA,4,377,856,960,126,2010,Hemmingford
NA,4177,2175,4667,6766,147,282,58,40464,NA,NA,67,132,105,216,2010,Lacolle
NA,5055,3845,275,49811,52,293,57,65227,NA,NA,18,565,217,721,2010,Saint-Bernard-de-Lacolle
NA,4155,4235,2543,79240,615,537,231,74424,NA,363,215,294,92,7,2010,Hinchinbrooke
NA,5831,2852,690,74666,1683,297,239,36656,NA,20,491,690,803,5,2010,Franklin
NA,1774,612,49,17,NA,1,2,503,NA,NA,NA,NA,1,1,2010,Huntingdon
NA,2800,1196,8022,2800,1284,95,94,4142,NA,NA,599,536,819,30,2010,Venise-en-Québec
NA,3038,2202,20294,21081,4590,250,342,32782,NA,21,2741,2014,798,140,2010,Saint-Georges-de-Clarenceville
NA,2724,2058,5947,8213,45,184,97,35837,NA,NA,68,44,93,125,2010,Noyan
NA,2385,1651,737,73462,293,203,135,19359,NA,1,55,489,17,15,2010,Havelock
NA,3394,3549,692,107688,113,223,204,21843,NA,2,126,166,33,18,2010,Frelighsburg
NA,2895,3094,790,41420,1557,342,165,41210,NA,1,509,299,364,109,2010,Saint-Armand
NA,1710,1839,3365,21209,4019,447,981,41404,NA,297,5370,6511,2607,NA,2010,Dundee
NA,1579,1827,737,36144,343,272,88,35585,NA,NA,219,137,21,1,2010,Elgin
NA,1407,965,204,22067,62,91,60,4883,NA,NA,2,55,22,3,2010,Abercorn
NA,1211,718,1219,7199,1139,107,160,1668,NA,83,530,259,4,3,2010,Akwesasne
